Descr,CLASS
«бгжг« «бне гд ”яд… «бЌ—н… г418 н‘ ян Џбм ’«Ќ» «бгжбѕ… «б«ебн… «бЌ«ћ е«ѕн яжде б« н б“г »”«Џ«  ж ÷ж«»Ў «б ‘џнб,ѕнж«д «бгЌ«Ёў… 
«бгжг« «бне гд ”яд… «бЌ”ндн… - Ќн «б“еж— г212 “64 ѕ6 бЏѕг  Џжн÷е Џд Ён÷«д ѕ«—е »”»» «б«гЎ«— яжде н”яд «нћ«—,ѕнж«д «бгЌ«Ёў… 
«бгжг« «бне гд ”яд… Ќн «б”б«г ”«Ќ… 306 (Ќн «бЏ«гб) «бЏг«—«  н‘ ян Џбм ’«Ќ» «бгжбѕ… «б«ебн… «бгѕЏж (Џбн «»ж «”ѕ) бЏѕг «б “«ге »”«Џ«  ж ÷ж«»Ў «б ‘џнб,ѕнж«д «бгЌ«Ёў… 
«бгжг« «бне гд ”яд… «б«ж—Ёбн г571 “43 ѕ1151 н—жг  Џжн÷… Џд Ён÷«д ѕ«—е д нћ… ”ёжЎ «б«гЎ«—,ѕнж«д «бгЌ«Ёў… 
«бгжг« «бне гд ”яд… г-«б’ѕ— г550 “65 ѕ45 н—жг  Џжн÷е Џд Ён÷«д«  «б«гЎ«— «б н «’«»  ѕ«—е,ѕнж«д «бгЌ«Ёў… 
«бгжг« «бне гд ”яд… «бнж”Ё”… гдЎё… «бё’— «б«ж”Ў »ќ’ж’ «дёЎ«Џ «б н«— «бяе—»«∆н гд– нжгнд бќбб Ён «бгдўжг…,гѕн—н… «бяе—»«Ѕ 
«бгжг« «бне гжўЁ »’Ё… «ћ— нжгн Ён ѕ«∆—… »бѕн… »џѕ« «бћѕнѕ… н—жг  Ќжнбе «бм Џёѕ,»бѕн… 
«бгжг« «бне«  —жг г”«Џѕ е« г«ѕн« яжде«  Џ«дн гд ў—жЁ гЏн‘н… ’Џ»…,ѕнж«д «бгЌ«Ёў… 
«бгжг« «бне гжўЁ ”«»ё Ён »бѕн… ”»Џ «б»ж— ж н—жг «Џ«ѕ е «бм «бЏгб,»бѕн… 
«бгжг« «бне гд «е«бн Ќн «бЋж—… »ќ’ж’ Џѕг ’б«Ќн… гн«е «б‘—» бб«” еб«я «б»‘—н бжћжѕ ‘ж«∆» яЋн—… ж –«  —«∆Ќ… я—не…,гѕн—н… «бг«Ѕ
«бгжг« «бне гд «е«бн «бгЌгжѕн… / Ќн «б—»нЏн »ќ’ж’ Џѕг ’б«Ќн… гн«е «б‘—» бб«” еб«я «б»‘—н бжћжѕ ‘ж«∆» яЋн—… ж –«  —«∆Ќ… я—не…,гѕн—н… «бг«Ѕ
гЁ« Ќ… гЌ«Ёў… »џѕ«ѕ »ќ’ж’  «ннѕ жЁ«… «бгж«Ўд (ћг«б д«’— Џ»«”) г” дѕ« Џбм Ќћ… «бжЁ«… «бё÷«∆н… ж «б«ж—«ё «б Ќёнён… «бќ«’… »«бЌ«ѕЋ бџ—÷ «б Џжн÷,ѕнж«д «бгЌ«Ёў… 
«бгжг« «бне н—жг г”«Џѕ е г«ѕн« б Ќгб ’Џж»… «бЌн«…,ѕнж«д «бгЌ«Ёў… 
«бгжг« «бне гд ”яд… «бЌ”ндн… / «бќѕг«  Ќн «б‘еѕ«Ѕ ‘«—Џ «бЏёнѕ Џбн г218 “35 »ќ’ж’ ÷ЏЁ ж «дёЎ«Џ «б н«— «бяе—»«∆н Ён «бгЌб… «бг–яж—…,гѕн—н… «бяе—»«Ѕ 
«бгжг« «бне гд ”яд… «б“ЏЁ—«дн… г950 “30 »ќ’ж’  «ќ— «дћ«“ «б“ё«ё «бг–яж— »«бё‘Ў ж  џбнЁе »«бЌћ— «бгё—д’,»бѕн… 
«бгжг« «бне гд ”яд… «бЌ”ндн… г222 “18 »ќ’ж’ ”жЅ Џгб «б‘—я… «бг”ƒжб… Џд «бгћ«—н Ён «бгдЎё…,гѕн—н… «бгћ«—н
 Џ“н“ «бг‘«—я… «бћг«ен—н… Ён  Ќѕнѕ «жбн«  «бг‘«—нЏ бќЎ… Џ«г 2014,ѕнж«д «бгЌ«Ёў… 
«бгжг« «бне гд ”яд… «бЌ»н»н… г537 »ќ’ж’ Џѕг  »бнЎ «б‘«—Џ «бгё«»б б‘«—Џ г—я“ «бЌ»н»н…,»бѕн… 
«бгжг« «бне гд ”яд… г-«б’ѕ— г542 “49 ѕ62 н—жг  Џжн÷е Џд ”ёжЎ «б«гЎ«— ж Ён÷«д ѕ«—е »”»» –бя,ѕнж«д «бгЌ«Ёў… 
«бгжг« «бне гд ”яд… «б“ЏЁ—«дн… «бЋ«дн… г950 “30 ѕ17  —жг  Џжн÷е« Џд ”ёжЎ «б«гЎ«— ж г«  ”»» е гд Ён÷«д«  Ён ѕ«—е,ѕнж«д «бгЌ«Ёў… 
«бгжг« «бне гд ”яд… «б‘Џ» г339 ÷ѕ «бг Џеѕ («»ж Ќнѕ—) бЏѕг «б “«ге »”«Џ«  ж ÷ж«»Ў «б ‘џнб,ѕнж«д «бгЌ«Ёў… 
"—”«б… ж—ѕ  «бнд« гд «бгƒ””… «бЏ—»н… бб«ѕ«—… ж «б гн… ж «б н  ‘н— «бм «гя«дн… «б«” Ё«ѕ… гд «б»ЌжЋ «бЏбгн… ж «б Ў»нён… Ён ( жћжѕ «бгн«е , «б«дўг… «б«ё ’«ѕн… , ‘»я«  «б’—Ё , «бќ... )",ѕнж«д «бгЌ«Ёў… 
«бгжг« «бне« гд ”яд… ‘«—Џ ЌнЁ« ( «б‘ж«я… ) г218 “28 ѕ3  —жг  Џжн÷е« Џд ”ёжЎ «б«гЎ«— »”»»  Џ—÷ ѕ«—е« «бм «÷—«— я»н—… д нћ… «бЁн÷«д« ,ѕнж«д «бгЌ«Ёў… 
«бгжг« «бне “жћ «б‘енѕ… (”Џ«ѕ ћЏЁ— гян) «б н «” ‘еѕ  » «—нќ 21/4/2003 д нћ… Џгб «—е«»н Ён Ќн «яѕ / «б‘г«Џн… ж «б–н н‘н— «бм «де ”бг гЏ«гб е » «—нќ 9/12/2012 н—жг «” Ћд«Ѕе гд «б ”б”б ж гдЌе «б Џжн÷ »”»» ў—жЁе «бг«ѕне «б’Џ»…,ѕнж«д «бгЌ«Ёў… 
«бя «» н ÷гд  ё—н— «бЏ÷ж (ќбнб геѕн ’«бЌ) «бќ«’ »«бг—я“ «б’Ќн «бдгж–ћн Ён д«Ќн… «бд’— ж «б”б«г,гѕн—н… «б’Ќ… 
«бгжг« «бне Џ—«ён н”яд гѕнд… ѕ—Џ« Ён ”ж—н« ж еж Џбм ж‘я «бЏжѕ… «бм »џѕ«ѕ гЏ Џ«∆б е «бг яжде гд 6 «Ё—«ѕ н—жг г”«Џѕ е Ён «нћ«ѕ ”яд гд«”» ж жў«∆Ё  ”«Џѕ Џбм «бЏн‘,ѕнж«д «бгЌ«Ёў… 
«бгжг« «бне гд ”яд… «бћ«ѕ—н…  —жг «б«»б«џ Џд Ќ«б…  ћ«ж“ Џбм »н  Ён «бгдЎё… »‘яб џн— ё«дждн гд ё»б »Џ÷ «б«‘ќ«’ (Џдж«д «б»н  Ќн »«»б г925 “55 «б»н  »«”г «бг жЁн ”бг«д «б»н« н ),ѕнж«д «бгЌ«Ёў… 
бЁнЁ гд гж«Ўдн гдЎё… «б«гнд «бЋ«дн… / Ќн «бгЏбгнд ‘«—Џ г731 ‘«—Џ 50 »ќ’ж’ гЏ«д« ег гд «бЌЁ—н«  «бгжћжѕе Ён «б‘«—Џ «бЏ«г гд Џѕ… «Џж«г Џбг« «дег ёѕ ёѕгж« Џѕ… Ўб»«  гд ё»б »ќ’ж’ е–« «бгж÷жЏ ѕжд ћѕжм,ѕнж«д «бгЌ«Ёў… 
бЁнЁ гд гж«Ўдн ”яд… «б»бѕн«  / Ќн 9 дн”«д г734 “44 »ќ’ж’ дё’ «бќѕг«  ж яЋ—… «б ћ«ж“«  Џбм «б«—«÷н «бќ«’… »»д«Ѕ «бгѕ«—”,ѕнж«д «бгЌ«Ёў… 
«бгжг« «бне« гд ”яд… д«Ќн… «бжЌѕ… ё—н… 10 »ќ’ж’  ёѕнге« Џбм »н  ж«Ў∆ «бябЁ… Ён гћгЏ «б«Ќ”«д «б–н  ёжг гЌ«Ёў… »џѕ«ѕ »»д«∆е ж бг нўе— «”ге« ÷гд «бёж«∆г,ѕнж«д «бгЌ«Ёў… 
«бгжг« «бне« гд ”яд… д«Ќн… «бжЌѕ… ё—н… 10 »ќ’ж’  ёѕнге« Џбм »н  ж«Ў∆ «бябЁ… Ён гћгЏ «б«Ќ”«д «б–н  ёжг гЌ«Ёў… »џѕ«ѕ »»д«∆е ж бг нўе— «”ге« ÷гд «бёж«∆г,ѕнж«д «бгЌ«Ёў… 
«бгжг« «бне гд ”яд… д«Ќн… «бжЌѕ… ё—н… 10 »ќ’ж’  ёѕнге« Џбм »н  ж«Ў∆ «бябЁ… Ён гћгЏ «б«Ќ”«д «б–н  ёжг гЌ«Ёў… »џѕ«ѕ »»д«∆е ж бг нўе— «”ге« ÷гд «бёж«∆г,ѕнж«д «бгЌ«Ёў… 
«бгжг« «бне гд ”яд… д«Ќн… «бжЌѕ… ё—н… 10 »ќ’ж’  ёѕнге« Џбм »н  ж«Ў∆ «бябЁ… Ён гћгЏ «б«Ќ”«д «б–н  ёжг гЌ«Ёў… »џѕ«ѕ »»д«∆е ж бг нўе— «”ге« ÷гд «бёж«∆г,ѕнж«д «бгЌ«Ёў… 
«бгжг« «бне гд ”яд… д«Ќн… «бжЌѕ… ё—н… 10 »ќ’ж’  ёѕнге« Џбм »н  ж«Ў∆ «бябЁ… Ён гћгЏ «б«Ќ”«д «б–н  ёжг гЌ«Ёў… »џѕ«ѕ »»д«∆е ж бг нўе— «”ге« ÷гд «бёж«∆г,ѕнж«д «бгЌ«Ёў… 
«бгжг« «бне« гд ”яд… д«Ќн… «бжЌѕ… ё—н… 10 »ќ’ж’  ёѕнге« Џбм »н  ж«Ў∆ «бябЁ… Ён гћгЏ «б«Ќ”«д «б–н  ёжг гЌ«Ёў… »џѕ«ѕ »»д«∆е ж бг нўе— «”ге« ÷гд «бёж«∆г,ѕнж«д «бгЌ«Ёў… 
«бгжг« «бне гд ”яд… д«Ќн… «бжЌѕ… ё—н… 10 »ќ’ж’  ёѕнге« Џбм »н  ж«Ў∆ «бябЁ… Ён гћгЏ «б«Ќ”«д «б–н  ёжг гЌ«Ёў… »џѕ«ѕ »»д«∆е ж бг нўе— «”ге« ÷гд «бёж«∆г,ѕнж«д «бгЌ«Ёў… 
«бгжг« «бне гд ”яд… «бЌ»н»н… г537 »ќ’ж’  »бнЎ »Џ÷ «б«ћ“«Ѕ ж  —я «б«ќ—м гд «б‘«—Џ «бгё«»б б‘«—Џ г—я“ ‘—Ў… «бЌ»н»н…,»бѕн… 
«бгжг« «бне гд ”яд… «бнж”Ён… / «бё’— «б«ж”Ў »ќ’ж’ ёЎЏ «б н«— «бяе—»«∆н гд ё»б «Ќѕ «бг‘џбнд «бгѕЏж ’Ё«Ѕ Џ«г— »ѕжд ”»» ж б« Ё«ёе гЏ «’Ќ«» «бгжбѕ« ,гѕн—н… «бяе—»«Ѕ 
«бгжг« «бне гд ”яд… Ќн «б«Џб«г г829 »ќ’ж’ Џѕг «б “«ге »÷ж«»Ў ж ”«Џ«  «б ‘џнб,ѕнж«д «бгЌ«Ёў… 
«бгжг« «бне« гд ”яд… ‘«—Џ ЌнЁ« («б‘ж«я…) г211 “28 ѕ3  —жг  Џжн÷е« Џд ”ёжЎ «б«гЎ«— »”»»  Џ—÷ ѕ«—е« «бм «÷—«—,ѕнж«д «бгЌ«Ёў… 
«бгжг« «бне н—жг ЁЌ’ г«Ѕ «б‘—» Ён «бё÷«Ѕ ж «бЌн ЌнЋ нёжб «д «бг«Ѕ нЌ жн Џбм «б«ж”«ќ ж «б« —»е ж еж џн— ’«бЌ бб‘—»,гѕн—н… «бг«Ѕ
»ќ’ж’ Џгб «бгжбѕ«  ж ”«Џ«  «б ‘џнб Ён Ё —… «б’нЁ,ѕнж«д «бгЌ«Ёў… 
я «» «б«г«д… «бЏ«г… бгћб” «бж“—«Ѕ »‘«д  ж’н«  ж—‘… »д«Ѕ ёѕ—«  гћ«б” «б ќЎнЎ ж «б дгн… «б н Џёѕ  Ён «—»нб ж ÷—ж—… «бг»«‘—… » дЁн– ќЎ… «бЏгб «б н «Џѕ  «Ћд«Ѕ «бж—‘…,ѕнж«д «бгЌ«Ёў… 
«бгжг« «бне гд ”яд… «бЌ”ндн… г224 ж г220 Џбм ’«Ќ» «бгжбѕ… ( “нѕ ”Џѕжд ’ѕ«г ) бЏѕг «б “«ге »”«Џ«  ж ÷ж«»Ў «б ‘џнб,ѕнж«д «бгЌ«Ёў… 
«бгжг« «бне гд ”яд… «бЎ«б»н… г321 »ќ’ж’ «дёЎ«Џ «бг«Ѕ «б’«бЌ бб‘—» Џд «бгЌб… «бг–яж—… »’ж—… г” г—… гг« «ѕм «бм  ÷—— «бгж«Ўднд,гѕн—н… «бг«Ѕ
«бгжг« «бне гд ”яд… Ќн «бгЋдм (“нжд…) г714 »ќ’ж’ ёЎЏ… гжћжѕ… ÷гд «бЌн ж ен Ќѕнё… Џ«г…  Ќжб  »ЁЏб «бг ћ«ж“нд «бм ѕж— ”ядн… ж я—«ћ«  ж џн—е« гд «б«гж— яг«  ” ќѕг Ён «ббнб б‘—» «бќг— ж «бг”я—«  «г«г «бѕж— «б”ядн…,»бѕн… 
«бгжг« «бнег гд ”яд… Ќн «б»джя »ќ’ж’ «џб«ё »Џ÷ гё«ен «бяжЁн ‘ж» Ён «бЌн ж «б н  Џнб «бЏѕнѕ гд «бЏж«∆б,»бѕн… 
«бгжг« «бне гд ”яд… Ќн «б —«Ћ г847 »ќ’ж’ ”жЅ «бќѕг«  ж «дЏѕ«ге« ЌнЋ бЌѕ «б«д бг  »бЎ «б‘ж«—Џ ж б«  —ЁЏ «бдЁ«н«  гд «б«“ё…,ѕнж«д «бгЌ«Ёў… 
«бгжг« «бне гд ”яд… «бгж«’б«  г855 гћ«ж— —ж÷… ёЎ— «бдѕм н‘ ян Џбм ’«Ќ» «бгжбѕ… Ён «бгЌб… «бг–яж—… бЏѕг «б “«ге »”«Џ«  ж ÷ж«»Ў «б ‘џнб,ѕнж«д «бгЌ«Ёў… 
‘яжм «Ќѕ «бгж«Ўднд гд ”яд… ‘«—Џ Ёб”Ўнд г508 “24 »ќ’ж’ гн«е «б‘—» яжде«  г “ћ гЏ гн«е «бгћ«—н,гѕн—н… «бг«Ѕ
»ќ’ж’ ж«ёЏ «бќѕг«  Ён Џѕ… гд«Ўё гд «бё÷«Ѕ («»н џ—н»),ѕнж«д «бгЌ«Ёў… 
»ќ’ж’ г”«Џѕ… «бгжг« «бне« ж ёѕ— «бг” Ў«Џ,ѕнж«д «бгЌ«Ёў… 
гд ”яд… г408 гё«»б ћ«гЏ «бЌ«ћ ћж«ѕ ”енб »ќ’ж’ Џѕг «б “«г ’«Ќ» «бгжбѕ… «б«ебн… (џж«’) »”«Џ«  ж ÷ж«»Ў «б ‘џнб,ѕнж«д «бгЌ«Ёў… 
«бгжг« «бне ќ—нћ ябне «б —»н… / ё”г «б «—нќ г “жћ ж бѕне «—»Џ… «жб«ѕ «Ћд«д гдег нЏ«джд гд ќбЏ «бж—я «бжб«ѕн «б«нгд ж «б«н”— ( ‘же ќбён) ж е–« «бг—÷ н Ўб» ћеѕ г” г— ж ’—Ё г»«бџ Ў«∆б… б–« н—жг  Џннде Ён ж“«—… «б —»н… ж ÷гд гѕн—н…  —»н… «б—’«Ёе «б«жбм бн ”дм,гѕн—н… «б —»н…
«бгжг« «бне гд ”яд… «бЎ«б»н… г321 “17 »ќ’ж’ жћжѕ ќбб гд «— Ё«Џ ж «дќЁ«÷ Ён Ён“ «бяе—»«Ѕ гг« нƒѕн бЏЎб «б«ће“… «бяе—»«∆н…,гѕн—н… «бяе—»«Ѕ 
«бгжг« «бне гд ”яд… г852 нЏ«джд гд яЋ—… «б«дёЎ«Џ«  «бяе—»«∆н… Ён гЌб ег »«б—џг гд  ж«ћѕе« Ён  «бгЌб… «бгћ«ж—… бег ж «б н  ”гм ‘«—Џ «б÷џЎ ж«д «’Ќ«» «бгжбѕ«  н” џбжд е–е «бў«е—… » “жнѕ «бгж«Ўднд »«бяе—»«Ѕ гд  бя «бгЌб… ж нЏ »—же« ”«Џ«   ‘џнб,гѕн—н… «бяе—»«Ѕ 
«бгжг« «бне н‘яж гд «’Ќ«» «бгжбѕ«  «бгжћѕнд Ён «бгЌб… 854 ж852 ЌнЋ «дег н«ќ–жд «бяе—»«Ѕ «бжЎдн… гд ‘«—Џ «б÷џЎ ж н“жѕж« »е« «бгж«Ўднд Ён «бгЌб нд «бг–яж— нд ЌнЋ н” ёЎЏже« Џбм «де« ”«Џ«   ‘џнб,ѕнж«д «бгЌ«Ёў… 
«бгжг« «бне н”яд ”ж—н« Ќ«бн« ж н—жг «бЏжѕ… «бм «бЏ—«ё ж бяде нЏ«дн гд ў—жЁ гЏн‘н… ’Џ»… ж Џѕг «г б«яе бѕ«— ”яд б–« н—жг «бг”«Џѕ… г«ѕн« гд «ћб «бЏжѕ…,ѕнж«д «бгЌ«Ёў… 
»ќ’ж’ ёб…  “жнѕ «бё÷«Ѕ »«бЎ«ё… «бяе—»«∆н… ж Џдѕ жћжѕе«  « н »‘яб г ёЎЏ гг« нƒЋ— Џбм «б«ће“… «бяе—»«∆н…,гѕн—н… «бяе—»«Ѕ 
Џѕ… гб«Ќў«  Ќжб Џгб «бгЌЎ… «бЋ«джн… 132 kv ќ«д ÷«—н гЏ »н«д »Џ÷ «Ќ н«ћ«  ёЎ«Џ яе—»«Ѕ «бд’— ж «б”б«г,гѕн—н… «бяе—»«Ѕ 
Џѕ… ‘я«жм Џбм Џгб «бгё«жб «б–н нёжг » дЁн– ‘«—Џ «»н џ—н» - «бЁбжћ…,ѕнж«д «бгЌ«Ёў… 
«бгжг« «бне гд ”яд… «бЌ”ндн… »ќ’ж’  ж”нЏ ‘«—Џ «бЌ”ндн… ЌнЋ  г  ж”нЏе бг — ж«Ќѕ ж е–е «бг”«Ё…  Ќ жн Џбм гдежб«   г ѕЁде« ж «бћ“—… «бж”Ўн… Ёне« ян»б«   бЁжд«   г  ёЎнЏе«,»бѕн… 
‘яжм «е«бн гдЎё… «бѕж«дг ё—» «б‘—Ў… «бќ«г”… »ќ’ж’ «Ќѕ г Џеѕн «бгжбѕ«  бЏѕг «б “«гег »”«Џ«  ж ÷ж«»Ў «б ‘џнб,ѕнж«д «бгЌ«Ёў… 
«бгжг« «бне« ќ—нћ… «бѕ—«”… «б«Џѕ«ѕн… - «бЁ—Џ «б’д«Џн (ё”г «бяе—»«Ѕ) ёѕг  бб Џнд Ён ж“«—… «б —»н… ж  г  Џннде« ÷гд гб«я гѕн—н… «бя—ќ «бЋ«дн… ж бяд »Џдж«д Џ«гб ќѕг… ж бн” Ќ”» ‘е«ѕ е« яжде« ќ—нћ… «бг—Ќб… «б«Џѕ«ѕн…,гѕн—н… «б —»н…
«бгжг« «бне«   —жг  Џжн÷е« Џд «Ћ«Ћ «б»н  ж г’жџ«  –е»н…  г г’«ѕ— е« гд ё»б «бдў«г «б”«»ё »Џѕ  ”Ён— «ге« ж «ќне« «бм «н—«д бяждег гд «бя—ѕ «бЁнбнд,ѕнж«д «бгЌ«Ёў… 
«бгжг« «бне« «—гб… ж «г бќг” «н «г ж бн” бе« гЏнб  —жг г”«Џѕ… г«бне яжд «Ќѕм »д« е« —«ёѕ… Ён «бг” ‘Ём ж  Ќ «ћ «бм Џгбн… Џбг« «де« ёѕ «” Ќ’б  «бгж«Ёё… ббЌ’жб Џбм г»бџ г«бн гд ё»б —∆н” «бгћб” «б”«»ё ж бяде« бг  ” бг  «бг»бџ яжд гѕн—… «бЌ”«»«  Ён «бгћб” «ќ»—,ѕнж«д «бгЌ«Ёў… 
«бгжг« «бне гд ”яд… «б“ЏЁ—«дн… г964 “47 нёѕг ‘яжм Џбм ’«Ќ» «бгжбѕ… «б«ебн… (г«ћѕ Ќ”нд «б‘»бн) бЏѕг «б “«ге »”«Џ«  ж ÷ж«»Ў «б ‘џнб,ѕнж«д «бгЌ«Ёў… 
«бгжг« «бне«  —жг г”«Џѕ е« бяжде« гд «бЏж«∆б «бЁён—…  Џ«дн г—÷ Џёбн ж ж«бѕе« нЏ«дн ћбЎ… ёб»н… ж ж«бѕ е« Џ«Ўб… Џд «бЏгб ж бѕне« Ћб«Ћ ќж« ,ѕнж«д «бгЌ«Ёў… 
«Ќѕ «бгж«Ўднд гд ”яд… Џбн «б’«бЌ г406 “36 Џбм ’«Ќ» «бгжбѕ… «б«ебн… ( гЌгѕ Џнѕ «бже«» Ќ”д) бЏѕг «б “«ге »”«Џ«  ж ÷ж«»Ў «б ‘џнб,ѕнж«д «бгЌ«Ёў… 
«Ќѕ «бгж«Ўднд гд ”яд… Џбн «б’«бЌ г406 “13 Џбм ’«Ќ» «бгжбѕ…  «б«ебн… («»ж Џ»ѕ «ббе) бЏѕг «б “«ге »”«Џ«  ж ÷ж«»Ў «б ‘џнб,ѕнж«д «бгЌ«Ёў… 
«бгжг« «бне« гжўЁ… Ён ѕнж«д «бжёЁ «б‘нЏн »ќ’ж’  Џ—÷ ”н«— е« «бм «÷—«— д нћ… «б«дЁћ«— «б«—е«»н Ён ѕ«∆— е« ж  —жг  Џжн÷е« Џд  ѕгн— ”н«— е«,ѕнж«д «бгЌ«Ёў… 
«бгжг« «бне н—жг г”«Џѕ е г«бн« яжде г—н÷ ж нЌ «ћ «бм Џгбн… ћ—«Ќн… ж бн” бѕне гж—ѕ г«бн яжде Џ«Ўб Џд «бЏгб »”»» г—÷е,ѕнж«д «бгЌ«Ёў… 
«бгжг« «бне«  —жг г”«Џѕ е« г«ѕн« яжде« г”де ж г—н÷… ж  Ќ «ћ «бм Џгбн… ћ—«Ќн… ж Џб«ћ ж бн” бе« гЏнб,ѕнж«д «бгЌ«Ёў… 
«бгжг« «бне н—жг г”«Џѕ е г«ѕн« яжде г—н÷ жЏ«ћ“ Џд «бЏгб ЌнЋ ѕ—ћ… «бЏћ“ ен 65% ж нЌ «ћ «бм Џб«ћ,ѕнж«д «бгЌ«Ёў… 
«бгжг« «бне н—жг г”«Џѕ е г«ѕн« яжде г—н÷ ж нЌ «ћ «бм Џгбне ћ—«Ќн…,ѕнж«д «бгЌ«Ёў… 
«бгжг« «бне«  —жг г”«Џѕ е« г«ѕне яжде«  ”яд «нћ«— ж  Џнб «ЌЁ«ѕе« «б«н «г «б«—»Џ… ж бн” бе« гж—ѕ г«бн,ѕнж«д «бгЌ«Ёў… 
»ќ’ж’ гЏ«д«… «е«бн «»н џ—н» гд яЋ—… «дёЎ«Џ «б н«— «бяе—»«∆н,ѕнж«д «бгЌ«Ёў… 
«бгжг« «бне гд ”яд… Ќ” «б”Ён— «б «»Џе б»бѕн… «бџѕн— г760 »ќ’ж’ ”жЅ «бќѕг«  яжд «бгћ«—н ”ЎЌн… ж ёѕ Ўг—  гг« «ѕм «бм ќ—жћ «бг«Ѕ «б«”д «бм «б‘ж«—Џ,»бѕн… 
»ќ’ж’ «бгџ–н 9/33 ян Ён ЌнЋ н«ќ– «бяе—»«Ѕ гд гЌЎ… ќ«д ÷«—н 132 «бЋ«джне «бм гд«Ўё д«Ќн… «бя—г… гг« нƒЋ— ”б»« Џбм Ќ’… д«Ќн… «бд’— ж «б”б«г ж «б «»Џ… бё÷«Ѕ «»н џ—н»  б–б н—ћм гЁ« Ќ… «бће«  «бг”ƒжб… бћЏб Ќ’ ег гд «бяе—»«Ѕ гд гЌ«Ёў… «б«д»«— ж —ЁЏе« Џд ё÷«Ѕ «»,гѕн—н… «бяе—»«Ѕ 
«бгжг« «бне гжўЁ Ён гѕн—н…  —»н… ж«”Ў  г  ећн—е Џѕ… г—«  ЌнЋ я«д н”яд »џѕ«ѕ - ‘нќ гЏ—жЁ ж –бя яжде гд «бя—ѕ «бЁнбн… ж еж «б«д б« нгбя «н н”яд б–« н—жг гЁ« Ќ… «бће«  –«  «бЏб«ё… бџ—÷ г”«Џѕ е Џбм «бЌ’жб Џбм »н  ж«Ў∆ «бябЁ…,ѕнж«д «бгЌ«Ёў… 
Ўб» «бгжг« «бне« ж «б н  Џгб Ён «бгћб” «б»бѕн бё÷«Ѕ «бгЌгжѕн… гд– Џ«г 2009 гд «бдЋ—н…  —жг  Џннде« »’Ё… Џёѕ «ж «ћ— нжгн яжде« гд Џж«∆б «б‘еѕ«Ѕ,ѕнж«д «бгЌ«Ёў… 
«бгжг« «бне я«д н”яд  ћ«ж“ ќбЁ гѕ—”… «бг—жЅ… «б«» ѕ«∆н… «бж«ёЏ… Ён Ќн «бќд”«Ѕ г757 ‘72  ж бяд  г «»б«џе гд ё»б «б«г«де » —я ёЎЏ… «б«—÷ яжде г ћ«ж“ ж «б«д н—жг ‘гжбе »ёЎЏ «б«—÷ «б н  ж“Џе« «г«д… »џѕ«ѕ ббг ћ«ж“нд,»бѕн… 
«бгжг« «бне гд ”яд… гћгЏ «бг’ЎЁм н—жг  Џннде »’Ё… Џёѕ «ж «ћ— нжгн яжде «бгЏнб «бжЌнѕ бЏ«∆б е ж н”яд ‘ё… «нћ«— 350 «бЁ ѕнд«—,ѕнж«д «бгЌ«Ёў… 
«бгжг« «бне« “жћ… «б‘енѕ («Ќ”«д Ў«б» гЌгѕ)  ‘яж гд Џѕг  ”бнге« ёЎЏ… «б«—÷ «бќ«’… »÷Ќ«н« «б«—е«» ж «б н ёѕг  Џбне« гд– Џѕ… ”дж«  яжд “жће« гд ÷Ќ«н« «б«—е«»,ѕнж«д «бгЌ«Ёў… 
«бгжг« «бне н—жг г”«Џѕ е г«ѕн« бЏб«ћ Ќ«б е «б’Ќн… яжде г—н÷ ж гЏнб бЏ«∆б… я»н—…   яжд гд 6 «Ё—«ѕ,ѕнж«д «бгЌ«Ёў… 
«бгжг« «бне« «—гб… ж бѕне« 6 «ЎЁ«б  —жг г”«Џѕ е« г«ѕн« яжде«  ”яд ѕ«— «нћ«— ж бн” бѕне« гЏнб,ѕнж«д «бгЌ«Ёў… 
«бгжг« «бне н—жг г”«Џѕ е г«ѕн« яжде гЏнб бЏ«∆б… г яжде гд 12 Ё—ѕ ж бѕне« Ћб«Ћ «ќже ‘еѕ«Ѕ гд ћ—«Ѕ «бЏгбн«  «б«—е«»н…,ѕнж«д «бгЌ«Ёў… 
«бгжг« «бне« гд ”яд… »џѕ«ѕ «бћѕнѕ… ж гд –жн «б‘еѕ«Ѕ ÷Ќ«н« «б«—е«»   —жг гё«»б… «бгЌ«Ёў бЎ—Ќ г‘яб е«,ѕнж«д «бгЌ«Ёў… 
«бгжг« «бне« “жћ… «б‘енѕ «бгд”» Ќ«—” «б«’б«Ќн… (гЌгѕ Ёж“н ќбнб) »ќ’ж’  «ќ— «” б«г «б—« » ж –бя бЏѕг «дћ«“ гЏ«гб… «б Џжн÷ «бќ«’… »«б‘енѕ бЌѕ «б«д,ѕнж«д «бгЌ«Ёў… 
«бгжг« «бне «Ќѕ ÷Ќ«н« «б«—е«» г’«» ж ѕ—ћ… Џћ“е 55% н—жг гЁ« Ќ… «ббћ«д «бЎ»н… б«Џ«ѕ…  ённг Ќ«б е ж ѕ—ћ… Џћ“е,ѕнж«д «бгЌ«Ёў… 
«бгжг« «бне н—жг «бгё«»б… ж г”«Џѕ е г«ѕн« яжде —ћб г”д ж г—н÷ ж гЏнб бЏ«∆б… я»н—… ж н”яд «нћ«—,ѕнж«д «бгЌ«Ёў… 
«бгжг« «бне ќ—нћ… гЏеѕ «ѕ«—… - «ѕ«—… «Џг«б / ё”г «бгќ«“д  —жг  Џнде« ббЏгб яжде« я«д   Џгб Ён »бѕн… «бџѕн— («ћ— нжгн) ж бў—жЁе« «б’Џ»ж ж Ќ«ћ е« «бг«”… ббЏгб,ѕнж«д «бгЌ«Ёў… 
«бгжг« «бне гд «е«бн гдЎё… «бЌн «бЏ—»н / «бгд’ж— г615 “16 ЌнЋ  Џ«дн «бгдЎё… гд ”жЅ «бќѕг«  ж ќ«’… Ёнг« н Џбё » »бнЎ «бЎ—ё ж «д”ѕ«ѕ гдўжг… «б’—Ё «б’Ќн ж Џѕг ж’ж’ ”н«—«   «бдЁ«н«  «бм «бгдЎё…,»бѕн… 
«бгжг« «бне гдёжб гд ж“«—… «б’д«Џ… «бм ж“«—… «б —»не - гѕн—н…  —»н… «бя—ќ «бЋ«дн…  Ќ”» я «» ж“«—… «б —»н… «бг—ёг 7767 Ён 5/2/2013  ”б”б 78 ж ёѕ  г  «бг»«‘—… » «—нќ 17/6/2013 «б« «де бг н” бг —« »е бЌѕ «б«д ж Џдѕ «б«” Ё”«—  ћн»е «бгѕн—н… / ё”г «бЌ”«»«  »«д,гѕн—н… «б —»н…
«бгжг« «бне гд ”яд… »«» «б‘нќ нЏ«дн гд ћбЎ… ѕг«џн… ж Џ«Ўб Џд «бЏгб ж н”яд «нћ«— ж нЏ«дн гд ў—жЁ г«ѕн… ’Џ»…,ѕнж«д «бгЌ«Ёў… 
«бгжгб «бне гд ”яд… «б‘нќ гЏ—жЁ н—жг гё«»б… «бгЌ«Ёў «ж «ѕ—«ћ «”ге ÷гд г‘—жЏ «бѕж— ж«Ў∆… «бябЁ… яжде н”яд ѕ«— «нћ«— ж гЏнб б«—»Џ… «Ё—«ѕ,ѕнж«д «бгЌ«Ёў… 
»ќ’ж’ гЏ«д«… «бё÷«Ѕ гд яЋ—… «бЏЎб«  Ён «бян»б«  «бгЌж—н… ЌнЋ н—жг —∆н” бћд… «б‘я«жм «” Ќѕ«Ћ гЁ—“…  яжд Ћ«» е Ён ёЎ«Џ  яе—»«Ѕ «бд’— ж «б”б«г,гѕн—н… «бяе—»«Ѕ 
‘яжм гћгжЏ… гд «е«бн гдЎё… «бЏЎнЁн… «б«жбм - яг» «бЌнѕ—н г206 “52 »ќ’ж’ яЋ—… «б«ЏЎ«б  Ён «б«”б«я «бяе—»«∆н…,гѕн—н… «бяе—»«Ѕ 
«бгжг« «бне« гд ”яд… «б—Ќг«дн… «—гб… ж «г б«—»Џ… «ЎЁ«б  —жг г”«Џѕ е« г«ѕн« бў—жЁе« «бгЏн‘н… «б’Џ»…,ѕнж«д «бгЌ«Ёў… 
 «е«бн гдЎё… «бяЁ«Ќ г125 ж г127 »ќ’ж’  Џ»нѕ «—’Ё… е« нд «бгЌб нд »«бгё—д’ «”ж… »«бгЌб«  «бгћ«ж—…,»бѕн… 
«бгжг« «бне н—жг  “жнѕе »я—Ё«д Ён гћгЏ «бжЁ«Ѕ «б”ядн »гдЎё… «б‘Џ» гжде гећ— гд– Џ«г 2007 ж б« нгбя ”яд ж гЏнб бЏ«∆б… я»н—…,ѕнж«д «бгЌ«Ёў… 
«бгжг« «бне гжўЁ н—жг  “жнѕе »«” »н«д «б ё—н— «бЎ»н «бЏѕбн «б«жбн бџ—÷ «” яг«б гЏ«гб…  Џжн÷ «бг’«»нд,ѕнж«д «бгЌ«Ёў… 
«бгжг« «бне«  —жг гё«»б… «бгЌ«Ёў бџ—÷ Ў—Ќ г‘яб е« «бќ«’е «г«ге,ѕнж«д «бгЌ«Ёў… 
«бгжг« «бне«  —жг «бЌ’жб Џбм г”«Џѕ… г«бн…,ѕнж«д «бгЌ«Ёў… 
«бгжг« «бне«  —жг «бЌ’жб Џбм г”«Џѕ… г«ѕн… »”»» ÷—жЁе« «б’Џ»…,ѕнж«д «бгЌ«Ёў… 
«е«бн гћгЏ ѕ«— «б”б«г Ён гдЎё… «бћяжя ж «б»«бџ Џѕѕег 150 Џ«∆б… »ќ’ж’ гЏ«д« ег гд «б«ег«б ж ”жЅ «бЌ«б… «бгЏн‘н… »”»» ’џ— Ќћг «бя—Ё«д,ѕнж«д «бгЌ«Ёў… 
«бгжг« «бне« «—гб… ж бѕне« Ћб«Ћ… «н «г ж б« нжћѕ бѕне« гЏнб ж  —жг г”«Џѕ е« г«ѕн« бЌ«ћ е« «бг«”…,ѕнж«д «бгЌ«Ёў… 
«бгжг« «бне« ж«бѕ… «б‘енѕ (г— ÷м ’»—н) ЌнЋ «де« ёѕ ”бг  гЏ«гб… «б Џжн÷ «бќ«’е »«»де« » «—нќ 16/4/2013 б–«  —жг гЏ—Ё… «”»«»  «ќн— Ќ’жбе« Џбм г»бџ «б Џжн÷ бЌѕ «б«д,ѕнж«д «бгЌ«Ёў… 
»ќ’ж’ гЏ«д«… «бё÷«Ѕ гд яЋ—… «б«ЏЎ«б «бЌ«’б… »«бгџ–н«  «бяе—»«∆н…,гѕн—н… «бяе—»«Ѕ 
«е«бн ё÷«Ѕ «»н џ—н» н—жгжд  ЁЏнб ѕж— «бћгЏн«  «бЁб«Ќн… »’ж—… «я»—,гѕн—н… «б“—«Џ…
«бгжг« «бне« гд ”яд… гдЎё… «бяЁ«Ќ «—гб… ж «г б«—»Џ… «н «г ж  ”яд «нћ«—  —жг «бЌ’жб Џбм ёЎЏ… «—÷ ÷гд ё—«— «б«г«д… «бЏ«г… бгћб” «бж“—«Ѕ,ѕнж«д «бгЌ«Ёў… 
 «бгжг« «бне« гд ”яд… «бяЁ«Ќ  —жг «бЌ’жб Џбм г”«Џѕ… г«ѕн… бў—жЁе« «б’Џ»…,ѕнж«д «бгЌ«Ёў… 
«бгжг« «бне«  ”яд «нћ«— ж гд Џж«∆б «б‘еѕ«Ѕ ж бѕне« «—»Џ… «ЎЁ«б  —жг «бЌ’жб Џбм г”«Џѕ… г«ѕн…,ѕнж«д «бгЌ«Ёў… 
«бгжг« «бне гд ”яд… ‘«—Џ «бгџ—» г354 »ќ’ж’ ”жЅ «бќѕг«  Ён «бгЌб… «бг–яж—… гд ћгнЏ «бдж«Ќн,ѕнж«д «бгЌ«Ёў… 
«бгжг« «бне н—жг «б«” Ё”«— Џд гж÷жЏ  ж“нЏ «б«—«÷н Џбм «бЁё—«Ѕ ж «бг ЏЁЁнд,ѕнж«д «бгЌ«Ёў… 
«бгжг« «бне «»д «б‘енѕ (ЁбнЌ д«’— Џбн) гд ‘еѕ«Ѕ ћ”— «б«∆г… »ќ’ж’ Ё—жё«  «б Џжн÷ ЌнЋ  г  ”бнг «бгЏ«гб… «бм ё«∆г гё«гн… «б«Џўгн… » «—нќ 18/9/2013 ж бг  дћ“ бЌѕ «б«д,ѕнж«д «бгЌ«Ёў… 
«бгжг« «бне«  —џ» гЏ—Ё… «”»«»  «ќ— гЏ«гб… «б Џжн÷ «бќ«’… »«б«»дн… ЌнЋ «де« ёѕг  «бгЏ«гб… гд–  «—нќ 2006,ѕнж«д «бгЌ«Ёў… 
‘яжм «е«бн гдЎё… «бЋЏ«б»… г369 »ќ’ж’ гѕ ‘»я… яе—»«Ѕ,гѕн—н… «бяе—»«Ѕ 
«бгжг« «бне гд ”яд… ‘«—Џ Џѕд г337 “36 гћ«ж— «бё”г «б»бѕн »ќ’ж’ ЎЁЌ «бгћ«—н гд– ‘е—,гѕн—н… «бгћ«—н
«бгжг« «бне«  —жг «бЌ’жб Џбм ёЎЏ… «—÷ яжд ў—жЁе« «бгЏн‘н… ’Џ»… ћѕ« ж б«  гбя ѕ«— бб”яд,ѕнж«д «бгЌ«Ёў… 
«бгжг« «бне гећ— гд гЌ«Ёў… днджм н—жг «бЌ’жб Џбм ёЎЏ… «—÷ г”«Ќ е« 100г Ён »џѕ«ѕ яжде ’«Ќ» Џ«∆б… ж —« »е «б ё«Џѕн б« няЁн,ѕнж«д «бгЌ«Ёў… 
«бгжг« «бне гд ”яд… г- «б’ѕ— н—жг г”«Џѕ е г«ѕн« бЌ«ћ е «бг«”… яжде «бгЏнб «бжЌнѕ бЏ«∆б е ж бѕне »д«  Ў«б»«  Ён «бћ«гЏе,ѕнж«д «бгЌ«Ёў… 
«е«бн Ќн  жд” г330 «б «»Џ… бѕ«∆—… »бѕн… «б«Џўгн… »ќ’ж’ Џѕг «н’«б ќѕг«  «бгћ«—н ж «бяе—»«Ѕ ж «бг«Ѕ ж «я”«Ѕ «б‘ж«—Џ...«бќ «бм «бгЌб… «бг–яж—…,ѕнж«д «бгЌ«Ёў… 
‘яжм «е«бн «бё÷«Ѕ гд ”жЅ «бЎ«ё… «бяе—»«∆н… Ён «н«г гЌѕѕ… ж бяб «бё÷«Ѕ,гѕн—н… «бяе—»«Ѕ 
«е«бн «бгдЎё… «б”«яднд гё«»б гћгЏ «б»—нё «б ћ«—н нЏ«джд гд  ћ«ж“ «’Ќ«» е–« «бгЌб«  ж «бЌѕ«ѕнд «б–н н ћ«ж“жд Џбм «б«—’Ё… ж г« нƒѕн –бя Ён «б ”»» гд ÷ж÷«Ѕ ж  бжЋ бб»н∆…,ѕнж«д «бгЌ«Ёў… 
«бгжг« «бне гд ”яд… гдЎё… «бѕж—ннд / Ќн «бя—«г… г214 “63  —жг гё«»б… «б”нѕ «бгЌ«Ёў б«г— ÷—ж—н,ѕнж«д «бгЌ«Ёў… 
«бгжг« «бне« гд ”яд… «бѕж—ннд / Ќн «бя—«г… г214 “63  »ќ’ж’ гё«»б… «б”нѕ «бгЌ«Ёў б«г— »ќ’ж’ «б Џжн÷«  б‘еѕ«Ѕ «б«—е«»,ѕнж«д «бгЌ«Ёў… 
‘яжм «е«бн гдЎё… »«» «б‘нќ г123 »ќ’ж’ «’Ќ«» «бгЌб«  «б’д«Џн… «б–нд ё«гж« »д’» гЏ«гбег Џбм «бЎ—ё «бЏ«г,ѕнж«д «бгЌ«Ёў… 
«бгжг« «бне н—жг «б«” Ё”«— Џд »н е «бгѕг— »«бя«гб гд ё»б «б«—е«»нд Ён ё÷«Ѕ «бгѕ«∆д де«н… Џ«г 2006 ЌнЋ ”бг  «бгЏ«гб… » «—нќ 30/1/2013 ж бг  дћ“ бЌѕ «б«д,ѕнж«д «бгЌ«Ёў… 
«бгжг« «бне гд ”яд… »ж» «б‘«г г361 “13 »ќ’ж’  Џѕг жћжѕ Ќ—«” Ён гѕ«—” «бгдЎё…,гѕн—н… «б —»н…
«бгжг« «бне«  ‘ ян Џд «”»«»  «ќ— «дћ«“ гЏ«гб е« «бќ«’… »«б Џннд гд ё»б ен∆… «бг”«∆б… ж «бЏѕ«б…,ѕнж«д «бгЌ«Ёў… 
«бгжг« «бне« ќ—нћ… ябн… «б —»н… / «бћ«гЏе «бг” д’—н… / ё”г «б—н«÷н«   —жг  Џнде« яжде« »Ќ«ће г«”… ббЏгб,ѕнж«д «бгЌ«Ёў… 
«бгжг« «бне гд ”яд… »ж» «б‘«г г361 “36 »ќ’ж’ «бћ”ж— «б н д’»  бџ—÷ Џ»ж— «бг‘«… ж «б н  »Џѕ г”«Ё… »Џнѕ… Џд гдЎё ег ж «бгдЎё… «бгћ«ж—… бег ж н‘ яжд гд ќЎж—… «б‘«—Џ «б—∆н”н,»бѕн… 
«бгжг« «бне« гжўЁ… Ён гѕ—”… «бдЏг«д «б«» ѕ«∆н…  —жг гЁ« Ќ…  —»н… «бя—ќ «б«жбм б џнн— Џдж«де« «бжўнЁн гд гжўЁ… ќѕг… «бм Ќ—Ён б«де«  Ќгб «б‘е«ѕ… «б«» ѕ«∆н… ж бѕне« ќѕг… 9 ”дж« ,гѕн—н… «б —»н…
«бгжг« «бне гд ”яд… гЌ«Ёў… »џѕ«ѕ н—жг «бЌжб Џбм ёЎЏ… «—÷ ”ядн… яжде ’«Ќ» Џ«∆б… я»н—… ж гд «бЏж«∆б «бгећ—…,ѕнж«д «бгЌ«Ёў… 
»ќ’ж’ гЎ«бЏ… «бѕя ж— (Џёнб Џ«ѕб) »ќ’ж’ гѕн—н…  —»н… «б—’«Ё… «б«жбм «б   ‘џб Ќ«бн« »д«н… гѕ—”… «» ѕ«∆н… Ён ‘«—Џ Ёб”Ўнд г504 “15 ж «бг‘«яб «б н нЏ«дн где« «е«бн «бгдЎё…,гѕн—н… «б —»н…
‘яжм «бгж«Ўд (гЌгжѕ Џбн —‘н ) Ќжб  ћ«ж“ «бгж«Ўд… (’«Ён… ) Џбм ёЎЏ… «б«—÷ «бЏ«∆ѕ… бе ж–бя »»д«Ѕ гЌб«   ћ«—н… »ѕжд гж«Ёё«  «’жбн…,»бѕн… 
 —‘нЌ б Џндд Џѕѕ гд «бгж«Ўднд Џбм гн“«дн… «б» —жѕжб«— Ён «бгќ »—«  «б«д‘«∆н… («Ќгѕ ж«яж жЏг«ѕ жбёг«д ж«Ќгѕ жЏг— ж‘е«» ),ѕнж«д «бгЌ«Ёў… 
ёѕг гћгжЏ… гд «’Ќ«» гЌб«  «б’«џ… Ён «б”жё «бён’—н… /«бћ«д» «бя»н— Џдег «бгж«Ўд ( Ќён «”г«Џнб «Ќгѕ ) Ўб»« Ќжб «Ё ё«— «б”жё бќѕг«  «б»бѕн… .,»бѕн… 
Ќжб «б‘яжм «бгёѕг… гд ё»б г” «ћ—н гЌб«  «б”жё «бя»н— .,»бѕн… 
«бгж«Ўде ( д—гнд ) гд ”яд… Ќн «бж«Ќѕе ќбЁ «бгѕ—”е гё«»б гё— «бЌ“» «бяж—ѕ” «дн «бѕнгё—«Ўн ж«бг ÷гд «гя«дн… «д‘«Ѕ Ќѕнёе Ён «бЌн «бг–яж— .,»бѕн… 
Ўб» / »д«Ѕ гѕ—”… «» ѕ«∆н… / «н’«б яе—»«Ѕ / гн«е «б‘—»/Ён ё—н… ћ—ѕџбж«,ѕнж«д «бгЌ«Ёў… 
Ўб»  ќ’н’ ёЎЏ… «—÷ ббгжг«бне Ќ”» г”ёЎ «б—√”,ѕнж«д «бгЌ«Ёў… 
«е«бн Ќн «бЏгб «б‘Џ»н н‘яжд Џд  ћ«ж“ «Ќѕ «бгж«Ўднд »»д«Ѕ ѕ«— Џбм «б‘«—Џ «б—∆н”н Ён «бЌн,»бѕн… 
Ўб»  »бнЎ ‘«—Џ Ён гдЎё… «г«г ё«”г /гё«»б Џн«ѕ… «бг÷гѕ —‘нѕ «б–н  ÷—— Џдѕ «’б«Ќ «д»ж» «бг«Ѕ «бгя”ж—,»бѕн… 
Ўб» «е«бн «бЏ—ж»е » »бнЎ «бЁ—жЏ «» ѕ«Ѕ гд «б‘«—Џ «б—∆н”н «бм ”«Ќ… »нЏ «бгж«‘н,»бѕн… 
бгЏ«бћ… «бг—н÷ Ён Ќ«б… жћжѕ «бЏб«ћ «ж «—”«б… ббЏб«ћ ќ«—ћ «бЏ—«ё,гѕн—н… ’Ќ…
бгЏ«бћ… «бг—н÷ Ён Ќ«бе жћжѕ «бЏб«ћ бѕняг «ж «—”«бе ќ«—ћ «бЏ—«ё,гѕн—н… ’Ќ…
Ўб» «е«бн ё—н…  —яб«д Ќжб «н’«б яе—»«Ѕ ббё—н…,гѕн—н… «бяе—»«Ѕ
Ќ«ћ… гѕ—”… («б—”«бе)Ён гдЎё… «б‘ж—ћ…  «бм «б —гнг ж«б √ енб,гѕн—н… «б —»н…
«Ё ё«ѕ гдЎё ег бб н«— «бяе—»«∆н жн—жгжд » џ–н… «бгдЎё… »«бяе—»«Ѕ,гѕн—н… «бяе—»«Ѕ
«б”г«Ќ »Џгб »«ћ ѕќжб «б”н«—… (433562 ) «бЏ«∆ѕ… «бм (ён” Ќгжѕ «»—«енг) «бм г»дм «бгЌ«Ёў…,ѕнж«д «бгЌ«Ёў… 
Ўб» ббЏб«ћ ѕ«ќб «ж ќ«—ћ «бЏ—«ё,гѕн—н… «б’Ќ… 
 ѕ«∆—… ’Ќ… я—яжя / «ббћд… «бЎ»н… «бѕ«∆гн…,гѕн—н… «б’Ќ… 
Ўб»  ёѕнг «бќѕг«  бгдЎё… дж—ж“,ѕнж«д «бгЌ«Ёў… 
«Ё ё«— гдЎё ег бб н«— «бяе—»«∆н жяЋ—… ЏЎб«  «бгжбѕ«  жЏѕг «‘ џ«бед »’ж—е г” г—е,гѕн—н… «бяе—»«Ѕ
Ўб» Ќжб Џѕг  ж“нЏ г«ѕе «бЏбЁ ж«бгЌ«’нб «бгќ’’е ббЌнж«д«  «бЏ«∆ѕе ббЁб«Ќнд Ён «бё—не,гѕн—н… «б“—«Џ…
Ўб» «Џб«гд« Џд Џ«∆ѕн… “—«Џне гё«ЎЏе (51) ќ«’е  нг«—н «бг яжде гд Џ‘— ёЎЏ “—«Џне  ёЏ »ѕ« гд ”нЎ—… я—яжя- ”бнг«дне ж»гЌ«–«  «б”б”… «бћ»бне  г ѕ «бм г‘—жЏ ”ѕ ќ«’… ћ«н,гѕн—н… «б“—«Џ…
Ўб» √е«бн Ќн «бЏ”я—н Ён ё÷«Ѕ ѕ«ёжё жбб–нд нЎб»жд Ёне  ёѕнг «бќѕг«  «б»бѕ»е  ж«бгћ«—н,ѕнж«д «бгЌ«Ёў… 
я‘Ё «бж«—ѕ «бнд« »я «» «б жд яж»—н «бгЏѕ гд ё»б «бгедѕ” д«Ўё Ё«∆ё —‘нѕ / г”ƒб г‘—жЏ г«Ѕ «б жд яж»—н бџ—÷ «н’«б г«Ѕ,гѕн—н… «бг«Ѕ
Ўб» «” »ѕ«б ёЎЏ… «б«—÷ «б”ядне,»бѕн… 
‘яжм «г д«Џ «бѕя ж— «бќЁ— («Ќгѕ ’»«Ќ Ќгнѕ )гд г” ‘Ён ѕ«ёжё «бм г” ‘Ём я—яжя  «бЏ«г гд «Ќ«бе «бЎЁбе «бг—н÷е (гѕдне Ќ”нд гд’ж—) ж»Џѕ ён«г «бг‘ ян »«Ќ«бе «бг—н÷е «Џб«е ЌнЋ  жЁн  «Ћд«Ѕ дёбе« Ён Ў—нё,гѕн—н… «б’Ќ… 
Ўб» ггЋб «б”нѕ (е«ж«— ћ»«—н)»«б‘—я… «б«нЎ«бне Ќжб «д‘«Ѕ ж √ЋнЋ «бг” ‘Ён« ,гѕн—н… «б’Ќ… 
"Ўб» Ён гЏ«бћ… √гя«дне  Џѕнб ж —гнг «б”«Ќе «бгжћжѕе Ён гдЎё ег б« ќ«–е« ”«Ќ… «б—н«÷е жќ’ж’«""бЏ»е (я—… «бёѕг)",»бѕн… 
Ўб» гЏ«бћ…  дЁн– г‘—жЏ  ягб… ‘ж«—Џ  «бЁнбё »«бё—»  гд гѕ—”… “«я—ж” «б«» ѕ«∆н…,»бѕн… 
 Џѕг  дЁн– «дћ«“ «Џг«б ‘»я… гн«е «б’—Ё «б’Ќн Ён гдЎё… «б‘ж—ћ… ё—» ћ«гЏ гжбн,гѕн—н… «бгћ«—н
Ўб» √д‘«Ѕ гѕ—”… «» ѕ«∆н… гё«»б гбЏ» я—яжя / »«бё—» гд ћ«гЏ янб«дн,гѕн—н… «б —»н…
Ќжб  √ќ—‘—я… (ѕ«б ) ж«бгябЁе » »бнЎ «б‘ж«—Џ ж дЁн– ‘»я… гћ«—н Ён Ќн ж«Ќѕ «–«— ж «дћ«“ «бг‘—жЏ «б«г— «б–н «ѕм «бм  ћгЏ «бгн«е Ён «б«Ё—Џ,ѕнж«д «бгЌ«Ёў… 
Ўб» «е«бн гдЎё… «бЌ—н… /Ќн —“я«—н ё«ЎЏ 47  бџ—÷  ж”нЏ ‘»я… «бяе—»«Ѕ Ён гдЎё ег,гѕн—н… «бяе—»«Ѕ
Ўб» Ќжб  ”жн…  »бнЎ «б‘«—Џ ЌнЋ  г «б »бнЎ гд ё»б «бгё«жб «бгябЁ » дЁн– «бг‘—жЏ »г” жм «Џбм гд г” жм «бѕж— «б”ядне гг« «ѕм «бм  ћгЏ «бгн«е » бя «бѕж—,»бѕн… 
б«н’«б «б н«— «бяе—»«∆н ббѕж— «б н  »Џѕ »г”«Ё… (615) г — Џд ё—н… »н—”»«д «б «»Џе ббд«Ќне «Џб«е,гѕн—н… «бяе—»«Ѕ
Ўб» н—жг Ёне «б Џннд бѕм ѕ«∆— яг »’Ё… Џёѕ «ж ѕ«∆гн »√Ќѕм «бж÷«∆Ё «б‘«џ—… «де ќ—нћ «Џѕ«ѕн… «б“—«Џ… ж«д ж«бѕе я«д гд гд ”»н ѕ«∆— яг жгд «бг—Ќбнд жбѕне ‘ёнё ‘енѕ,ѕнж«д «бгЌ«Ёў… 
бгЏ«бћ е Ён  Ќ«бе жћжѕ Џб«ћ бѕняг «г н” жћ» Џб«ће ќ«—ћ «бЏ—«ё,гѕн—н… «б’Ќ… 
«Џ —«÷ √е«бн «бё—м (ѕж— «б—н ж«бг—… ж«бя—нЎ«  ж б «бж—ѕ ж«»ж яЏѕн… ж«б»Ќ— ж”нѕќбЁ )Џбм √д‘«Ѕ гЏгб бб«”Ёб  гд ё»б «бгж«Ўд (√Ќгѕ ”бнг«д) гд ё—н… «бќ«д «б «»Џе бё÷«Ѕ «бЌжнће ё—»  бя «бё—м,ѕнж«д «бгЌ«Ёў… 
Ќжб «б ћ«ж“«   «бЌ«’бе Џбм «б«—«÷н «б“—«Џне Ён «бгё«ЎЏе (—ћн»«  /8 г 1 ж—ћн»«  /6 г1)гд ё»б (гЌгѕ «”г«Џнб ж «»—«енг гЌгѕ «”г«Џнб),гѕн—н… «б“—«Џ…
‘яжм √е«бн Ќн «бжЌѕ жЌн «б‘еѕ«Ѕ »Ќё ‘—я… (“н«— ббгё«жб« )бг«  ”»»е е–« ‘—яе гд √Ћ«— ”б»не,ѕнж«д «бгЌ«Ёў… 
‘яжм Ќжб  Џ—÷ »н е «бн «бя«∆д Ён Ќн «бд’—1ё—» гѕ—”… «б‘Џ» «бн «÷—«— я»н—… д нћ… «Џг«б «бг‘—жЏ «д‘«Ѕ гћ«—н «б’—Ё «б’Ќн Ён «бгдЎё…,гѕн—н… «бгћ«—н
‘яжм Ќжб Џѕг ён«гяг »«н’«б «б н«— «бяе—«∆н «бн гдЎё ег(гн— д‘нд),гѕн—н… «бяе—»«Ѕ
Џѕг ж’жб я «»д« «бн гѕн—н… г«Ѕ гЏ «бг—Ёё« ,гѕн—н… «бг«Ѕ
Ўб» «е«бн ё—м («бћгнбе -«бЏ“е «бЋ«дне )«б «»Џ… «бд«Ќн… «б—‘«ѕ ж«бг ÷гд «н’«б «бгн«е «б’«бЌе бб‘—» «бм «бё—н нд,гѕн—н… «бг«Ѕ
Ўб» «е«бн гдЎё… «бЌ—не гё«»б  ян… ‘нќ гЌгѕ Ќжб н’«б «б н«— «бя—»«∆н бгдЎё ег,гѕн—н… «бяе—»«Ѕ
‘яжм яб гд «бгж«Ўд («»—«енг «”г«Џнб ”Џнѕ ж гЌгѕ ”г«Џнб ”Џнѕ ) Ќжб «бЏ«∆ѕн… «б«—«÷н «б“—«Џне Ён бнб«д .... гж÷жЏ »ЌЋ я «»д« «бг—ёг 1167 Ён 2013/1/27,гѕн—н… «б“—«Џ…
Ўб» «е«бн гдЎё… «б‘ж—ће гё«»б ћ«гЏ Џг— »д «бќЎ«» Џдег «бгж«Ўд (Џбн Ўн» Џбн ) Ќжб гЏ«д« ег гд ёб… «бяе—»«Ѕ жЌ«ћ… «бгдЎё…  «бм «б«—»Џ… «Џгѕ… яе—»«∆не .,гѕн—н… «бяе—»«Ѕ
Ўб» «бгж«Ўд («”ж Џ»ѕ «б—Ќгд ”Џнѕ ) гд ”яд… Ќн «бЏ”я—н ё—» «бћ”— «бћѕнѕ Ќжб  ћгЏ «бдЁ«н«  ж«б«ж”«ќ «г«г ѕ«—е,»бѕн… 
‘яжм «е«бн Ќн «бЏ”я—н «б«жбм ё«ЎЏ (51) Џдег «бгж«Ўд (Ё«÷б ’«бЌ «Ќгѕ)Ќжб ён«г «бгё«жб » дЁн–  ж«дћ«“ я«Ё… ‘»я«  гћ«—н бб«Ќн«Ѕ «бгћ«ж—е бб«”—м ж«бгЁёжѕнд ж«бд’— »√” Ћд«Ѕ Ќнег,гѕн—н… «бгћ«—н
‘яжм √е«бн «бЌн ж«Ќѕ Ќ“н“«д ќбЁ «”ж«ё «дж— Џдег «бгж«Ўд(Џбн я«гб гЌгѕ) Ќжб ён«г «бгё«жб «бгябЁ » »бнЎ ‘ж«—Џ Ќн »ЌЁ—не« ж —яне« ѕжд «д н г  »бнЎе б ’»Ќ »—я б ћгЏ «бгн«е «б«”де ж«бгн«е «б«гЎ«— жя–бя Џ«∆ё «г«г  дёб ”яд… «бЌн,»бѕн… 
Ўб» «бгж«Ўд (гЌгѕ гд’ж—  ён)Ќжб  ёѕн— г»«бџ «б«÷—«— «бд« ће Џд  Ёћн— «б«—е«»н «б–н ЌѕЋ Ён «бЌ”ндне ћ«гЏ «г«г Џбн,ѕнж«д «бгЌ«Ёў… 
‘яжм √е«бн д«Ќн… »—ѕн Ќжб Џѕг ’б«Ќн… «б«ѕжн… гжћжѕе Ён «бг—«я“ «б’Ќне жн‘яж √е«бн д«Ќн… я–бя гд «д е«Ѕ «бѕж«г Ён «бг—я“ «б’Ќн Ён ”«Џе ж«Ќѕе ўе—«,гѕн—н… «б’Ќ… 
‘яжм √е«бн гдЎё… »дће Џбн ё—» гбЏ» гћгЏ е«—жд Ќжб Џѕг жћжѕ Ќ«жн«  бж÷Џ «бдЁ«н«  гЏ Џѕг  ж«ћѕ ”н«—«  —ЁЏ дЁ«н«  ЁёЎ г—е ж«Ќѕе Ён «б«”»жЏ,»бѕн… 
н‘яж √е«бн гдЎёе —Ќнг ¬же «б ћ«ж“«  гё«»б »«—я »«»« я—яжя бб”н«—«  жгдЎё… √“«ѕн гд Џѕг  Ћ»н  √Џгѕе «бяе—»«Ѕ ж«бгд’ж»е Ён «бгдЎё нд жЁё «бЎ—ё «бедѕ”не  ж «бЁдне гг«  ”»» «дЌ—«Ё ж”ёжЎ »Џ÷е« жгнжб »Џ÷ «б«ќ—м «бм «б‘«—Џ,гѕн—н… «бяе—»«Ѕ
‘яжм √е«бн гдЎё… ‘ж—«ж Џѕг ён«г гѕн—н… г«Ѕ б ’бнЌ «д»ж» «бгн«е «бгя”ж—е Ён «бгдЎёе,гѕн—н… «бг«Ѕ
‘яжм √е«бн —Ќнг ¬же гё«»б Ё« Ќ… я«яе —е ‘ »жћжѕ ЌЁ— я»н—е Ён «б‘«—Џ «б–н нёЏ гё«»б «бё«Џе «бг–яж—е жнЎб» гЏ«бћ е,»бѕн… 
‘яжм √е«бн Ќн яж—ѕ” «д «бЁнбё ё—» г” ‘Ём Џ—Ёе Џѕг жћжѕ ‘»я… гћ«—н «б’—Ё «б’Ќн,гѕн—н… «бгћ«—н
‘яжм   ÷гд ён«г «бгѕЏж («”Џѕ гЌгѕ —”жб) «бгжўЁ »Џдж«д г”«Џѕ «бгќ »— Ён «бг—я“ «б’Ќн «б—∆н”н Ён д«Ќн… «б жд яж»—н »«б Ў«жб Џбм гд ”»н Ќг«н… «бг—я“ »ябг«  џн— б«∆нёе ж еѕнѕег »Ё’бег гд «бжўнЁе,гѕн—н… «б’Ќ… 
‘яжм Ќж«б ЌЁ—е Ён гдЎё… ‘ж—ж« гё«»б «бгё»— ё—» «бћ«гЏ ж«”ж«ё ”«г«д,»бѕн… 
Ўб» √е«бн ё—не ќ«д яе ‘е гдег «бгж«Ўднд(Ќ”нд гЌгѕ ‘—нЁ жгЏ ’г ќж—‘нѕ гЌгѕ) Ќжб гг«дЏе »Џ÷ «бће«  «бг”ƒжбе гд «бён«г » »бнЎ «б‘ж«—Џ Ён  бя «бё—не (Ќ”» Ўб»ег),»бѕн… 
»«—жѕ ќ«де/ё—» «бќ«’…  ‘яжгд ён«г ”н«—«  «б»бѕн… »—гн «б«ж”«ќ гё«»б ѕж—ег »«бё—» гд «б”«∆ѕнд/ гдЎё… «“«ѕн »«бё—» гд ћ«гЏ гжбжн гд Џѕг  »бнЎ «б‘ж«—Џ /Ќн «бЌѕнѕнд гд  ћгЏ «б«ж”«ќ ж«бдЁ«н«  Ён «б”«Ќ…«бё—н»е гд џ—Ё…  ћ«—е я—яжя /ё—» г” ‘Ём «“«ѕн жћжѕ «б«ж”«ќ ,»бѕн… 
бдёб гжбѕ… гд’ж»… »гжёЏ ”ядн Ён гдЎё… «б«”я«д /ё—» «б«–«Џ… «бЏ«∆ѕ… ббгж«Ўд(«ѕ—н”) √Ћ— ‘яжм «бгж«Ўд(Ќжн“ ‘я— Џ»«”,ѕнж«д «бгЌ«Ёў… 
«Џ г«ѕ «ббџ… «бя—ѕн… гЏ «ббџ… «бЏ—»н… Џдѕ  жће «бдѕ«Ѕ«  Ён «бЌ«б«  «бў«—∆… жќ’ж’«р Ён г” ‘Ё… я—яжя «бЏ«г,гѕн—н… «б’Ќ… 
гЏ«бћ… «бг—н÷е (д”—нд «Ќгѕ Џ»ѕ) Ён Ќ«б… жћжѕ Џб«ћ бѕняг «г н” жћ» Џб«ће« ќ«—ћ «бёЎ—,гѕн—н… «б’Ќ… 
‘яжм √е«бн Ќн «бн—гжя «б «»Џе бё÷«Ѕ «бЌжнће Џдег «бгж«Ўд( геѕн ’«бЌ “нѕ«д) Џѕг ён«г гѕн—н яг » ’бнЌ «д»ж» гя”ж— ж«бд«ёб ббгн«е «бм «бЌн «бг–яж— »«б—џг гд г—«ћЏ ег «бг” г—е б ’бнЌе0,гѕн—н… «бг«Ѕ
"ёѕг гћгжЏ… гд «бгж«Ўднд гд ”яде гдЎё… ( Ќн «бдж— ) Ўб»«""  Џжн÷ег Џд еѕг ѕж—ег гд ё»б гѕн—н… »бѕн… я—яжя ж–бя »гжћ» я «»е« «бг—ёг 8522 Ён 1988/5/23 ЌнЋ  г «” Ћд«Ѕег гд «б Џжн÷ яждег гд «бёжгне «бяж—ѕн… .",»бѕн… 
"ёѕг гћгжЏ… гд г” «ћ—н Џг«—… «»н ЌднЁе «бж«ёЏе Ён  ё«ЎЏ ”жё «бёж—н… ‘яжм Ќжб  «ћ— «бгƒћ— ( «—«г Џг— дж—н ) » —гнг «бЏг«—е жж÷Џе ‘—жЎ«"" бб«нћ«— «÷—  »г” «ћ—н «бгЌб«  Ён «бЏг«—е .",»бѕн… 
ёѕг бЁнЁ «е«бн ё—н… «б“дѕ«де «б «»Џ… бд«Ќн… бнб«д ж«б»«бџ Џѕѕег (100) д”ге Џдег (Џѕд«д ё«ѕ— ”Џнѕ ) Ќжб «дёЎ«Џ «бг«Ѕ Џд ё—н ег гд– «яЋ— гд (5) «‘е— жнѕЏжд »«дег —«ћЏж гѕн—н яг бг—  Џѕнѕе жбяд »ѕжд ћѕжм .,гѕн—н… «бг«Ѕ
"ёѕг «бгж«Ўд ( Ќ”жд Ќ”нд я—нг ) Џ”я—н жг ё«Џѕ Ўб»«"" ЁЌж«е »«де жЁн Џ«г (1994)  г  ќ’н’ ёЎЏ… «—÷ ”ядне гд ё»б гѕн—н яг »«б—ёг (3538 ќ  )  Ќ  «б ”б”б (131 ) жнѕЏн »«де« бг  ”ћб »«”ге Ён Ќнде яжде гд «бёжгне «бяж—ѕне .",»бѕн… 
ёѕг «бгж«Ўд ( Џг«ѕ —Ќг«д Џ»ѕ «бя—нг ) «”»«» «б Ё«ж  «бЌ«’б » «—нќ «бжб«ѕе ж «—нќ  дўнг «” г«—е «бжб«ѕе бжбѕне яб гд (гЌгѕ жЏ«ѕб ) жнѕЏн »«де н—«ћЏ ё”гяг гд– «яЋ— гд (3)”дж«  бџ—÷  ’ЌнЌ –бя «б««де бг нЌ’б Џбм д нћ… бЌѕ «б«д .,гѕн—н… «б’Ќ… 
Ўб» «бгж«Ўд (Џ«ѕб «я»— Џбн —÷«) «бгЏбг Ён  —»н… ё÷«Ѕ ѕ«ёжё Ќ«бн«р Ќжб  ќ’н’ ёЎЏ… «—÷ ”ядн… бе «”ж… »√ё—«де «бгЏбгнд ж–бя бЏѕг Ќ’жбе Џбм «б«г н«“«  жё  «бдў«г «б”«»ё,»бѕн… 
н√янѕ я «»д« «ббг—ёг 189Ён 8/1/2013Ќжб «б«ћ—«Ѕ«  «бг ќ–… »Ќё  ћ«ж“ «Ќѕ «бгж«Ўднд »»»д«Ѕ ѕ«— ”ядн… Ён »ѕ«н… «б‘«—Џ «б—∆н”н бЌн «бЏгб «б‘Џ»н,»бѕн… 
 √янѕ Џбн я «»д« «бг—ёг200Ён8/1/2013Ќжб  »бнЎ Ё—жЏ «б‘«—Џ «б—∆н”н бгдўё… «бЏ—ж»… «бгƒѕн «бн ”«Ќ… »нЏ «бгж«‘н,»бѕн… 
гћгжЏе гж«Ўднд «е«бн гдЎё… »«—жѕ ќ«де Џдег «бгж«Ўд(‘н—яж Џбн Џг—)Ќжб «гя«дн… «д‘«Ѕ ‘»я… гћ«—н б ’—нЁ гн«е «б«гЎ«— ж—»Ўе«»б‘»я… «б—∆н”н… бгћ«—н «бгдЎё…,гѕн—н… «бгћ«—н
Ўб» гЏ«бћ… «бг—н÷…(”енбе ќж—‘нѕ ё«ѕ—)гЏ«бћ е« ќ«—ћ  «ж ѕ«ќб «бёЎ— Ён Ќ«б…  жЁ— «бЏб«ћ,гѕн—н… «б’Ќ… 
Ўб» гћгжЏ… гд «бгж«Ўднд гд «е«бн Ќн ж«Ќѕ Ќ“н—«д ё—» ћ«гЏ «бџЁ—«д Џд «бгж«Ўд (Џ»ѕ «бгЌ”д Ќ”д «”Џѕ) Ќж«б  џнн— г”«— «бгн«е «бќ«—ће гд «бгд«“б «бм «бгћ—н «б—∆н”н бб ќб’ гд  ћгЏ «бгн«е «б«”де ѕ«ќб «бЁ—жЏ,гѕн—н… «бгћ«—н
Ўб» «е«бн гдЎё… —Ќнг «же ѕж— Ќн «бгЏбгнд Џдег «бгж«Ўд (гЌгѕ я—нг г’ЎЁн )Ќжб Ќ«ћ… Ё—жЏег «бм «б »бнЎ ж–бя бг« нЏ«джд гд  —яг «б«Ќ«б ж’Џж»… –е«» «ЎЁ«бег «бм «бгѕ«—” жќ’ж’ Ён Ё’б «б‘ «Ѕ жяЋ—… еЎжб «б«гЎ«— .,»бѕн… 
Ўб» гћгжЏе гд «е«бн гдЎё… (»—ќжѕ«д) —Ќнг ¬же  «бг ÷——нд гд ћ—«Ѕ «бЁн÷«д«  «бд«ћге гд еЎжб «б«гЎ«—  жн—гжд Ён  Џжн÷ег Џд ќ”«∆—«б н бЌё   »гд«“бег ж«б«Ћ«Ћ /жгдег (Џ»ѕ«ббе/«»—«енг/Џ»«”/‘Ёнё/”нѕ/ё«”г/” «—/«”г«Џнб/яг«б/гЌгѕ/’»«Ќ/еж‘н«—/Џ“«бѕнд/ћбнб/”бжм/енгд/я,ѕнж«д «бгЌ«Ёў… 
Ўб» «’Ќ«» «б«—«÷н «б“—«Џне Ён гё«ЎЏе 51 ќ«’…  нг«—н «бг яжд… гд Џ‘— ёЎЏ(2/30ж19ж25ж26ж27ж28ж29ж15ж13ж14)«бг‘ннѕ Џбне« «б ћ«ж“«  гд »Џ÷ «бгд‘√  «б«д «ћн… ж«бен«яб «б”ядне ‘яжм н—гжд Ён «“«бе ж—ЁЏ  бя «б ћ«ж“«  Џд «—«÷нег Џбг« «д гѕн—н… «б ”ћнб «бЏё«—н «бЋ«,гѕн—н… «б“—«Џ…
‘яжм «е«бн гдЎё… «г«г ё«”г ќбЁ гЌЎ… «бяе—»«Ѕ жгѕ—”… ћ—ж «б«» ѕ«∆н Џдег «бгж«Ўд(Џг— гЌгѕ Џбн) гд ÷ЏЁ «б н«— «бяе—»«∆н «бгџ–н ббгдЎё… «б«г— «б–н «ѕм «бм ЏЎб жЌ—ё «џб» «б«ће“… «бяе—»«∆не «бгд“бне бѕнег,гѕн—н… «бяе—»«Ѕ
б«ћ—«Ѕ ЁЌ’ Џбн «бг—н÷…(еѕм ѕ—жн‘ ћ«”г)бгЏ«бћ е« Ён Ќ«бе жћжѕ Џб«ћ бѕняг «г н” жћ» Џб«ће« ќ«—ћ «бёЎ—,гѕн—н… «б’Ќ… 
Ўб» Ќжб гЏ«д«  гд Џѕг жћжѕ ‘»я… гн«е «б’—Ё «б’Ќн ж«б–н «ѕм «бн  ћгЏ гн«е «г«г «бѕж— ж«бдЁ«н«  б ’»Ќ г’ѕ— «д»Џ«Ћ «б—ж«∆Ќ «бя—не… ж«б«г—«÷ ж —«яг «бдЁ«н«  ж«б«ж”«ќ «е«бн(Ќн «бж«”Ўн ќбЁ гЌЎ…  Џ»∆… Џё»… »д д«ЁЏ) Џдег(нж””Ё ѕ«дн«б гќ«∆нб),гѕн—н… «бгћ«—н
‘яжм √’Ќ«» «бѕж— «бж«ёЏе »«бё—» гд г” ‘Ём «б«ЎЁ«б «бг ўгд гЏ«д« ег «бг‘яб… «бжёжЁ ”н«—«  г—«ћЏн «бг” ‘Ём «г«г √’Ќ«» «бѕж— Ўж«б де«—,гѕн—н… «б’Ќ… 
Ўб» √е«бн Ќн «бЏ”я—не гё«»б ‘—я… Ў«—ё «бг ÷гд   »бнЎ «бЁ—жЏ «бё—н» бћ«гЏ «б‘енѕ √”ж… »«б‘ж«—Џ «б«ќ—м,»бѕн… 
«бдў— Ён √гя«дн… «б »бнЎ ж ж”нЏ «б‘«—Џ ( «б÷нё) «бя«∆д гё«»б г” ‘Ём √“«ѕн,»бѕн… 
г–я—… «б”нѕ( гЌгѕ Ќ»н» «Ќгѕ) гѕн—н »бѕн… «бѕ»” »’ѕѕ  ќ’н’ ёЎЏ «б«—«÷н «б”ядне бгд ”»нег,»бѕн… 
нёжг ’«Ќ» «бЏг«—… «бя«∆не Ён гдЎё… ‘«—Џ ’б«Ќ «бѕнд ё—» («г«г «Ќгѕ)Ё—Џ я—«ћ ”н«—«  »дћ«Џбн »џбё «бгдежб«  «бг ж«ћѕ… Ён «б‘«—Џ г–яж—ѕжд Џбг «бће« ,гѕн—н… «бгћ«—н
ён«г «бгё«жб » »бнЎ я«Ё… «бЁ—жЏ Ён гдЎё… ‘«—Џ «бёѕ” »√” Ћд«Ѕ Ё—Џег »Ќћ… «д е–« «бЁ—Џ џн— г‘гжб »«б »бнЎ,»бѕн… 
Џѕг жћжѕ гЏбжг«  гЁ’бе Џд «бгжбѕ«  «бжегне,ѕнж«д «бгЌ«Ёў… 
Ќжб «Џ —«÷е Џд г»бџ «б Џжн÷ Џд «б«÷—«— «б н бЌё  »ѕ«—е «Ћ— «б«дЁћ«— «б–м ЌѕЋ Ён Ќ”ндн… ћ«гЏ «б«г«г Џбн,ѕнж«д «бгЌ«Ёў… 
Ўб» е«бн гдЎё… «бж«Ќѕе гё«»б Ќн «бд’— «Ё ё«— гдЎё ег «бм «бќѕг«  «н’«б « бяе—»«∆н ж ‘»я…« бгћ«—н ж »бнЎ «б‘ж«—Џ,ѕнж«д «бгЌ«Ёў… 
Ќжб ‘яжм «’Ќ«» «б«—«÷н «б“—«Џн… Ён ё÷«Ѕ «бЎж“,гѕн—н… «б“—«Џ…
б«ћ—«Ѕ «бЁЌ’ Џбм «бг—н÷е (Ё—Ќ… Џнѕ«д «Ќгѕ) бгЏ«бћ е« Ён Ќ«б… жћжѕ «бЏб«ћ бѕняг «г н” жћ» Џб«ће« ќ«—ћ «бЏ—«ё,гѕн—н… «б’Ќ… 
«н’«б яе—»«Ѕ «бм е«бн ё—н… (яе бж— ),гѕн—н… «бяе—»«Ѕ
Ўб» дёб «бгж«Ўд (Ќ«“г Ќ”нд «Ќгѕ) «бгЏнд »’Ёе гжё е гд гѕн—н… г«Ѕ я—яжя «бм ѕнж«д «бгЌ«Ёўе,гѕн—н… «бг«Ѕ
Ўб» Ќжб гЏ«бћ… √»де «бг—н÷ «бгѕЏж (ѕ«дн«б) «бг’«» »ѕ«Ѕ «бЁё«Ѕ жЁ Ќе Ён «бёб»,гѕн—н… «б’Ќ… 
 г  Џнд Џѕѕ (4) гжўЁнд »’Ё… гжё е Џбм гн“«дн… г‘«—нЏ  дгн… «б«ё«бнг («бг—«ё»е ж«б«‘—«Ё) ж«б«”г«Ѕ(’Ё«Ѕ/гѕнЌе/ѕ«дн«б/“н—Ё«д),ѕнж«д «бгЌ«Ёў… 
Ўб» гћгжЏ… гж«Ўднд «бгећ—нд ”«»ё« Џѕѕег13ж«б–нд  г гдЌег ёЎЏ «—«÷н (Џѕѕ15ёЎЏ…)”ядн… гд ё»б бћд… «бг—Ќбнд Ён я—яжя жбѕм ён«гег »«б»д«Ѕ  г гдЏег гд ё»б г—я“ ‘—Ў… ѕжгн“,ѕнж«д «бгЌ«Ёў… 
 ёѕнг г”«Џѕ… бЏ«∆б… «бЎЁбнд(гЌгѕ —Џѕ жЌд«д —Џѕ)«бб–«д нЏ«дн«д гд г—÷  бЁ «бѕг«џ,ѕнж«д «бгЌ«Ёў… 
‘яжм «бгж«Ўд (гЌгѕ гжбжѕ «”г«Џнб )»ќ’ж’ «б«—÷ «бЏ«∆ѕ… Ён ё—н… ”ня«дн«д,гѕн—н… «б“—«Џ…
‘яжм «бгж«Ўд (гедѕ гЌгжѕ Џбн) «бг ÷где ён«г «бгѕЏж (гЌгжѕ гћнѕ ќ«де) »«б ћ«ж“ Џбм «бёЎЏе «бг—ёге (162/5656)гё«ЎЏ…39  ”Џнд,»бѕн… 
Ўб» Ќжб  Џннд гѕ—”нд жгЏбгнд Ён гѕ«—” ё—м ћдж» ѕ«ёжё гд ”яд… «бгдЎёе »’Ё… Џёѕ ÷гд г‘«—нЏ «б«ё«бнг («бг—ё»е ж«б«‘—«Ё)б”ѕ «бдё’ Ён «бяж«ѕ— «б ѕ—н”н… ж«б Џбнгне Ён  бя  «бгѕ«—”,гѕн—н… «б —»н…
"Ўб»« ""√е«бн Ќн «бд’— ё—» гЌЎ… «бџ«“ жЏдег «бгж«Ўд(гЌгѕ гћнѕ ’«бЌ)Ќжб д’» «б«Џгѕе бб н«— «бяе—»«∆н",гѕн—н… «бяе—»«Ѕ
н‘яж √е«бн гдЎё… —“я«—н гд ќб«б »—д«гћ »е н«дн я—яжя »Џѕг «б “«г ’«Ќ» «бгжбѕе «бгѕЏж  (Ё—е«ѕ) »«б Џбнг«  «бќ«’е »Џгб «бгжбѕ«  ЌнЋ нёжг » ‘џнб «бгжбѕе »гЏѕ«(3”«Џ« )бнб« жде«—« жё«гж«  ж«»бџ ‘—Ў… бнб«д бяд »ѕжд ћѕжм,ѕнж«д «бгЌ«Ёў… 
‘яжм «бгж«Ўд (џЁж— гЌгѕ «гнд ”Џнѕ)гд ”яд… я—яжя /гдЎё… «бг«” ÷ѕ ’«Ќ» «бгжбѕе («Ќгѕ Џ»ѕ«бё«ѕ— «Ќгѕ) «бя«∆де Ён ‘«—Џ «Ўб” ќбЁ «Џѕ«ѕне ’д«Џе я—яжя бяжде«  ”» ÷нћнћ ж«“Џ«ћ б«’Ќ«» «бгЌб«  «бё—н»е,ѕнж«д «бгЌ«Ёў… 
Ўб» Џѕг жћжѕ √д«—е Ён «бгё»—… «бж«ёЏе ќбЁ г” ‘Ём «“«ѕн Џ«г ÷—ж—н √Ћд«Ѕ ѕЁд «б«гж«  бнб«,гѕн—н… «бяе—»«Ѕ
Ўб» «б”нѕ (г«‘«Ѕббе ЏЋг«д ”Џнѕ) гќ «— ё—н… »дће Џбн Џбм »д«Ѕ ѕ«— ”ядне ѕ«ќб «б«—÷ «бгќ’’е ббгѕ—”е Ён ё—н… «бг–яж—,гѕн—н… «б —»н…
Ќжб ён«г гћгжЏ… гд «б«‘ќ«’ »«б ћ«ж“е Џбм «б«—«÷н «бЏ«∆ѕ… ббѕжб… Ён гдЎё… «бЌ—н… ё—» «бгбЏ»,»бѕн… 
‘яжм Ќжб жћжѕ я”— Ён «бќЎ «б—∆н” Ён гдЎё… —Ќнг «же ќбЁ (ѕж— гЏгб яжб« ) гд– Ё —… Ўжнбе гг« «ѕм «бм «бЌ«ё «б«÷—«— » бя ѕж—,гѕн—н… «бг«Ѕ
‘яжм «е«бн Ќн «бж«”Ўн «бћѕнѕ ќбЁ «б«я«ѕнгне Џдег «бгж«Ўд (гедѕ Џ»ѕ «бгЏнд ћ»— ) »‘«д ћгЏ гн«е «б’—Ё «б’Ќн Ён «бгдЎёе ЌнЋ «’»Ќ »—я гд «бгн«е «бё–—… жя–бя н‘яжд гд Џѕг  »бнЎ «б‘ж«—Џ .,гѕн—н… «бгћ«—н
‘яжм гд «бгж«Ўд Ќн «бЌ—не  ÷гд ён«г гѕн—н яг« »«Џгб «бќЁ— бџ—÷  »бнЎ жгѕ ‘»яе «бгћ«—н Ён «бЌн «бг–яж— «б««де »Џѕ «яг«б Џгб «бЌЁ— бг н г Џгбн… «б »бнЎ ж«бгћ«—н гд ё»бняг .,»бѕн… 
н‘яж «е«бн Ќн —жд«ян ќбЁ ябн… «бё«джд гд «Ё ё«— Ќнег «бм ќѕг«  ж«б »бнЎ ж гѕ‘»я… гћ«—н «б’—Ё «б’Ќн,ѕнж«д «бгЌ«Ёў… 
‘яжм «е«бн Ќн —Ќнг ¬же/ё—» Ћ«джн… ”я—ге Џдег(Џ»ѕ«б—“«ё Џ»ѕ«б—Ќгд ”Џнѕ)Ќжб «Џг«б гё«жб «бгябЁ »’» «бЁ—жЏ Ён «бЌн ѕжд г—«Џ«… «б«гж— «бедѕ”н… ж«бЁдн… ѕжд «нћ«ѕ гдЁ– б —нЁ «бгн«е «бќ«—ћ… гд «бѕж— ж ћгЏе« Ён гя«д ж«Ќѕ,»бѕн… 
‘яжм «е«бн гдЎё… ж«Ќѕ Ќ“н—«д ‘«—Џ Џ»ѕ «б—Ќгд Ќжб Џѕг «бён«г «бгё«жб «бгЌ«б «бне «бг‘—жЏ » ”жн… ж »бнЎ «б‘ж«—Џ ж«бЁ—жЏ,»бѕн… 
Ўб» «бгж«Ўд («»—«енг Џбн «Ќгѕ) «бг ÷гд » »бнЎ «бЎ—ё «бгƒѕн «бм ё—н… ( нге “«ж«),»бѕн… 
‘яжм Ќжб «бЁн÷«д«  «бм «’«»  »Џ÷ «бгд«Ўё Ён я—яжя гд ћ—«Ѕ еЎжб «б«гЎ«—,ѕнж«д «бгЌ«Ёў… 
–бя  Џ—÷ гЌбе «бя«∆д Ён ”жё «б–е» г—я“ я—яжя бЏгбне «—е«»н… «ѕ  «бм «” ‘е«ѕ «ќне (Џг—«д ‘я— Џ»«” )ж”—ё… 22яџг гд «б–е» гд «бгЌб «бг–яж— жбг н г  Џжн÷ бЌѕ «б«д.,ѕнж«д «бгЌ«Ёў… 
гд Ќб«б Ё÷«∆н… я—яжя »—д«гћ »е н«дн я—яжя н‘яж «бгж«Ўд («—я«д )»Џѕг «” ћ«»… гѕн—н…  ж“нЏ яе—»«Ѕ я—яжя Џдѕ «»б«џг »жћжѕ  ”—» яе—»«∆н Ён «бЏ«гжѕ «бгжћжѕ Ён гдЎё ег б«яЋ— гд г—е.,гѕн—н… «бяе—»«Ѕ
Ўб» «бг—н÷е ‘нг«Ѕ е б— гЁ д Ќж«б гЏ«бћ е,гѕн—н… «б’Ќ… 
Џ»ѕ «ббе гд д«Ќн… »—ѕн н‘яж гд Џѕг «яг«б д’» «Џгѕ… яе—»«Ѕ д«Ќн… .,гѕн—н… «бяе—»«Ѕ
ёѕг «бгж«Ўд  (—“я«— гд гдЎё… »дћ… Џбн ё—» ”нЎ—… бнб«д ) Ќжб «яг«б д’» я«Ё… «Џгѕ… «бяе—»«Ѕ Ён «бгдЎё… »«” Ћд«Ѕ (4)где« жнЎб» «яг«б д’»е« .,гѕн—н… «бяе—»«Ѕ
Ўб» «бгж«Ўднд гдег (Џ»ѕ «б—Ќгд/»‘ нж«д/я«—“«д/Џ»нѕ ћбнб)«б”«яднд Ён «бѕж— «бЌяжгн…(ѕ«∆—… «б«гд) ж«б–нд н—гжд Ён  Џжн÷ег »г»«бџ г«бне Џдѕ «б«ќб«Ѕ б бя «бѕж—,ѕнж«д «бгЌ«Ёў… 
Ўб» «е«бн гдЎё… »ќ н«—н Џбм Ў—нё ”бнг«дне Ќжб Ќ«ћ… гдЎё ег «бм  »бнЎ «б‘ж«—Џ «бЁ—Џне ж–бя б ћгЏ гн«е «б«гЎ«— Ёне« «б–н нжѕн «ббм Џ—ёбе «б”н— жг‘«яб «ќ—м,ѕнж«д «бгЌ«Ёў… 
Ўб» «бгж«Ўд(Џ—» ’«бЌ √гнд) б’—Ё «бЏб«ћ бе бяжде Ён Ќ«бе ÷ЏнЁе,гѕн—н… «б’Ќ… 
Ўб» √е«бн Ќн «бд’— «б«жбм ж«бЋ«дне ж«б«”—м ж«бгЁёжѕнд ж«бЏ—ж»е жЌн «бЏ”я—н ж«бѕж— «б”яя жѕж— ѕжгн“ ж«бё«ѕ”не «бжбм ж«бЋ«дне б«»д«Ѕ г” ‘Ём –«  (400) ”—н— «б м  ёЏ Ён Ќн «бд’— ё—» ћ”— «б—«»Џ,гѕн—н… «б’Ќ… 
Ўб» гћгжЏ… «е«бн Ќн «бЌ—н… Џдег «бгж«Ўд (Џ»ѕ «бќ«бё гЌгѕ ÷г«д ) Ќжб «д‘«Ѕ г—я“ ’Ќн «ж Џн«ѕе ‘Џ»не «д‘«Ѕ  бя «бг—я“ «ж «Џн«ѕ… ‘Џ»н… Ён гдЎё ег Ќ’—« нѕЏжд «д едя ёЎЏ… «б«—÷ ќ«бне гќ’’е е–« «бџ—÷  ёЏ ё—» ”ж«ё «бЌ—н… .,гѕн—н… «б’Ќ… 
н‘яж «бгж«Ўд гд гдЎё… «“«ѕм гд ён«г »Џ÷ «бгж«Ўднд »»нЏ «бгж«ѕ «б«д‘«∆н… гЋб «бЌ’ж ж«б—гб Џбн ћд» «б‘«—Џ «бЏ«г «д ‘«— е–е «бгж«ѕ  ”» Ён «—»«я ”н— «б”н«—«  «бг«—… ж бжЋ «б»н∆… Џдѕ «б ѕжб »е–е «бгж«ѕ Ён «бгд«Ўё «б”ядн «’«Ё « «бм  ‘жне ћг«бн… «бгѕдн… я–бя гЏ«,»бѕн… 
н‘яж «е«бн Ќн —жд«ян -ё—» гЌЎ…  Џ»н… «бжёжѕ «б«Ё ё«— «бн  »бнЎ «б‘ж«—Џ жгѕ ‘я»е б ’—нЁ гн«е «б’—Ё «б’Ќн жќѕг«  «б дўнЁ .,ѕнж«д «бгЌ«Ёў… 
гё —Ќ н‘янб гЁ«—“  ёжг » жће «бгж«Ўднд жгдЏег гд ќ—жћ гн«е «бгћ«—н гд ѕж—ег «бм «б‘ж«—Џ жЁн Ќ«б… Џѕг «б “«гег »–бя  «ќ– гд «бгќ«бЁ џ—«ге г«бне гд«”»е гЏ  жћнег Џѕг  я—«— –бя г” ё»б«.,гѕн—н… «бгћ«—н
Ќжб жћжѕ «д»ж» г«Ѕ гя”ж— Ён »ѕ«н… гѕќб Ќн яж—ѕ” «д жЎб» » ’бнЌе.,гѕн—н… «бг«Ѕ
«б «янѕ Џбм г÷гжд «бя «» «бг—ёг 788 Ён 2013/1/20 Ќжб г« г « ќ«–е Ќжб  Џѕнб  —гнг «б”«Ќ… «бгжћжѕ е Ён гдЎё… —Ќнг «же ё—» ћ«гЏ «б «ќн.,»бѕн… 
Ўб» «е«бн Ќн —жд«ян ќбЁ ћ«гЏ «б«гнд Џдег «бгж«Ўд (гЌгѕ Џ»ѕ «б—Ќгд гЌгѕ )  ÷гд ‘гжб Ё—Џег  »ќѕг«  «бгћ«—н «н’«б «б н«— «бяе—»«∆н «бжЎдн жќѕг«  «б«ќ—м «”ж… »»ён… «бгд«Ўё .,ѕнж«д «бгЌ«Ёў… 
Ўб» гЏ«бћ е «бг—н÷ (”бЎ«д Ќгнѕ гЌгѕ ),гѕн—н… «б’Ќ… 
Ўб» Ќжб  «ќ— ‘—я… (ѕ«б)»√дћ«“ ж дЁн–  »бнЎ «б‘ж«—Џ жгѕ‘»я… гћ«—н Ён Ќн ж«Ќѕ √–«—,ѕнж«д «бгЌ«Ёў… 
н‘яж √е«бн Ќн «“«ѕн ё—» ћ«гЏ гб« Џ“«бѕнд »Џѕг ’б«Ќн… гн«е «б‘—» бб«” Џг«б «б»‘—н яжде« гн«е Џя—е ж ’«Ќ»е« —«∆Ќ… я—нее жнЎб»жд гЏ«бћ… «бгж÷жЏ,гѕн—н… «бг«Ѕ
н‘яж «е«бн гдЎё… «б‘ж—ће ё—» ћ«гЏ гжбжн  гд «ќ б«Ў гн«е «б‘—» гЏ гн«е «бгћ«—н Ён «бгдЎёе »”»» я”— «б«д«»н» «бд«ёбе бе«,гѕн—н… «бг«Ѕ
н‘яж √е«бн гдЎё… «г«г ё«”г ё—» яжгн е/5 гд жћжѕ «д»ж» г«Ѕ гя”ж— жнѕЏн »«де «»бџ гѕн—н яг »–бя «б««де бг н г  ’бнЌе бЌѕ «б«д,гѕн—н… «бг«Ѕ
Ўб» н—жгжд Ён Ё Ќ г—я“ бЏб«ћ г—÷м «б жЌѕ (∆ж н“г ) Ён гЌ«Ёў… я—яжя «”ж… »»ён… «бгЌ«Ёў«  ќѕг… бб’«бЌ «бЏ«г .,гѕн—н… «б’Ќ… 
н‘яж «е«бн гдЎё… —Ќнг «же ё—» ”«Ќ… «бџ«“ Џѕг  жЁ— гн«е «б‘—» .,гѕн—н… «бг«Ѕ
н‘яж «е«бн гдЎё… —Ќнг «же Ќжб ён«г гѕн— няг »ж÷Џ г’«»нЌ яе—»«∆не б«д«—е «б‘ж«—Џ Ён »ѕ«не г—я“ —Ќнг ¬же «бм де«н… Ёбяе «ќж«д ж —я «б‘ж«—Џ «б«ќ—м жнЎб» √гя«дн… ‘гжб »ён… «б‘ж«—Џ Ён «бгдЎё… »–бя г’«»нЌ,гѕн—н… «бяе—»«Ѕ
 Ўб» «бгжўЁнд «бгƒё нд ÷гд г‘«—нЏ «б дгне «б«ё«бнг(«бг—«ё»е ж«б«‘—«Ё) Ќжб «б «ќн— «бЌ«’б Џдѕ  ћѕнѕ Џёжѕ Ён Ќ«б… «д е«Ѕ Ё —е Џёжѕ,ѕнж«д «бгЌ«Ёў… 
« ’б  «бгж«Ўд… (—ён… гд ”дя… гдЎё… «бЁбнё /Ќн яж—ѕ” «д ) ‘яж гд  —«яг «б«ж”«ќ ж«бдЁ«н«  Ён «бЌн ж Ўб» —ЁЏе« .,»бѕн… 
Ќжб Џѕг гж«Ёё… ѕ«∆—… “—«Џ… «бЏ»«”н гд  ”ћнб ёЎЏ… «б«—÷ «б“—«Џн… «бг—ёг… (гё«ЎЏ… 27 ‘«е яб—н ) «бЏ«∆ѕ… бе »«”г «»де ЌнЋ ё—н… «б”Џѕн… «б «»Џ… «бм «бд«Ќн… «Џб«е .,гѕн—н… «б“—«Џ…
Ўб»  Џннд «бгж«Ўд (Ќ”д ё«”г «Ќгѕ) Ён ѕ«∆— яг ÷гд гн“«дн…  дгн… «б«ё«бнг («бг—«ё»… ж«б«‘—«Ё),ѕнж«д «бгЌ«Ёў… 
« ’б «бгжЎд (я«—ж«д  )гд ”яд… ё÷«Ѕ «бѕ»” н‘яж гд Џѕг «б “«г «бг” ж’Ё «б’Ќн Ён «бё÷«Ѕ »«бѕж«г «б—”гн ж”«Џ«  «бЏгб «бгё——е бе .,гѕн—н… «б’Ќ… 
н‘яж гдЎё… «б‘ж—ћ… гд яЋ—… «дёЎ«Џ «б н«— «бяе—»«∆н Ён «бгдЎё… жнѕЏн »√д «”»«» –бя нЏжѕ «бм яжд «бгЌжбе «бгжћжѕе Ён «бгдЎё… ёѕнге жбг н г «” »ѕ«бе« »√ќ—м ЌѕнЋе .,гѕн—н… «бяе—»«Ѕ
гж«Ўде  ‘яж гд «дЏѕ«г «бќѕг«  Ён «бгдЎё… «бж«ёЏе ќбЁ »д«н… гћгЏ «б«”д«д  »бнЎ «б‘ж«—Џ жгѕ ‘»я… «бгћ«—н .,ѕнж«д «бгЌ«Ёў… 
Ўб» «е«бн Ќн «‘ н («г«г «бежм )«б «»Џ «бм ё÷«Ѕ ѕ«ёжё «бж«—ѕ «бнд« Ўн я «» ё«∆гё«гн… «бё÷«Ѕ «бг—ёг 6543 Ён 2012/12/27 ж«бб–нд н—жгжд Ён  »бнЎ «б‘ж«—Џ ж«бЁ—жЏ бяжде« г« “«б Ў—ё  —«»н… .,»бѕн… 
«г—яг «б«ѕ«—н «бг—ёг 39/275 Ён 2013/1/9 няжд «б Ќ’нб «бѕ—«”н ббгж«Ўде (дебе «”г«Џнб Џг— ) «бгжўЁ… «бгƒё … Ён гѕн—н…  —»н… я—яжя гд («бѕ—«”… «бг ж”Ў… ) «бм («бѕ—«”… «б«Џѕ«ѕн… ).,гѕн—н… «б —»н…
ж—ѕ д« ‘яжм Џд Ў—нё «б»—нѕ «б«бя —ждн »Ќё «бгжўЁ («Ќгѕ Џ»ѕ «ббе Џ»ѕ Ќг«ѕе «б”»Џ«жн ) «бгжўЁ Ён гѕн—н… »бѕн… «бЌжнћ… Ќжб ён«ге »«» “«“ «бгё«жбнд ж«б‘—я«  бџ—÷ «Џў«Ѕе г»бџ гд «бг«б гд ќб«б ё»жб «ж —Ё÷ «бг” г”я«  «б н нёѕге« «бгё«жбнд яжде Џ÷ж Ён бћд…  Ќбнб ,»бѕн… 
Ўб» «е«бн Ќн «бЏгб «б‘Џ»н Џѕг ‘гжб ‘«—Џег »«б »бнЎ «”ж… »«б‘ж«—Џ «б«ќ—м Ён «бЌн гд ё»б «бгедѕ”/«—«” ж«бг‘—Ё Џбм «б »бнЎ жд‘н—яг «бм я «»д« «бг—ёг (11532 Ён 2012/7/24,»бѕн… 
ж—ѕ д« Џд Ў—нё «б»—нѕ «б«бя —ждн ён«г гЏгб «б «гнг жгЏгб я—ждћн ббг‘—ж»«  «бџ«“н… »гг«—”… д‘«Ўе »»нЏ «бг‘—ж»«  Џбм —џг гд «нё«Ёе Џд «бЏгб гд ё»б ж“«—… «б’Ќ… »ж÷Џ б«Ё е Џбм «бгЏгб .,гѕн—н… «б’Ќ… 
"Ўб» ‘гжбе »«б Џжн÷«  «бггджЌе ббг ћ«ж“нд Џбм «б«гб«я «бЏ«ге ЌнЋ я«д н‘џб «бѕ«— Ён гдЎё… «б»бѕн«  (гѕн—н… “—«Џе /2 ё—» ћ«гЏ ’»ж— ) жЏдѕ «ћ—«Ѕ «бя‘Ё гд ё»б «ббћд… «бќ«’… » Џжн÷ «бг ÷——нд бг няд гжћжѕ«"" Ён «бѕ«— Ўн«""",ѕнж«д «бгЌ«Ёў… 
« ’б «бгж«Ўд (—“я«— /гд ”яд… Ќн —«»—нд ) нЎб» ж÷Џ гЎ»е «’Ўд«Џне Џдѕ «бЁбя… «бгжћжѕе Ён «бЌн «бг–яж— ж–бя ббЌѕ гд ”—Џ… «б”н«—«  «бг«—е .,»бѕн… 
гжЎд гд ”яд… «бгдЎё… «бё—н»е гд гѕнде «б«бЏ«» н‘яж гд Џѕг  жЁн— «бќѕг«  «бб«“г гдЎё ег .,ѕнж«д «бгЌ«Ёў… 
«бгж«Ўд (гЌгѕ Џ»ѕ «ббе я—нг )  Џжн÷ «÷«Ён бг«  г  ёѕн—е гд «ббћд… «бгќ ’… Ён гѕн—н… г«Ѕ я—яжя .,гѕн—н… «бг«Ѕ
Ќжб  Џннд «бгж«Ўд (Ќ”д ё«”г «Ќгѕ ) »’Ё… гƒё е жЏбм гн“«дн…  дгн… «б«ё«бнг («б«‘—«Ё «бг—ё»… )Ён ё«∆гё«гн… ё÷«Ѕ г—я“ я—яжя .,ѕнж«д «бгЌ«Ёў… 
ёѕг «е«бн гдЎё… —Ќнг «же /ќбЁ ѕж— «бгЏбгнд Џдег «бгж«Ўд (Ќбгн ‘—нЁ гЌн «бѕнд ) Ќжб «Ё ё«— гдЎё ег «бм «бќѕг«  гд гћ«—н «б’—Ё  «б’Ќн ж »бнЎ «б‘ж«—Џ «б–н нƒѕн «бм  —«яг гн«е «бгћ«—н ж«б«гЎ«— жбг« бе–е «бЌ«б… гд  √Ћн— ”б»н Џбм «б”«янд жќ’ж’«  «б«ЎЁ«б гдег .,ѕнж«д «бгЌ«Ёў… 
"Ўб» «е«бн («бЏ’—н… жЌж÷ 13 «бЏ»нѕн… ж«б”Џнѕн… ) «б «»Џ… «бм д«Ќн… «бЏ»«”н Ўб»«""Ќжб Ќ«ћ… ё—«ег «бм  Џ»нѕ «бЎ—ё ««б н  —»Ў «бё—м гЏ »Џ÷е« »«б—џг гд я”же« »«бЌ’м «бќ«»Ў жгд– Ё —… Ўжнб… .",ѕнж«д «бгЌ«Ёў… 
‘яжм √е«бн гдЎё… √г«г ё«”г Џдег «бгж«Ўд (ѕ«—ж«д) гЏ«бћ… «бгн«е «бгдЌѕ—е гд «б‘«—Џ «бё—н» гд «бгё»—е,гѕн—н… «бгћ«—н
‘яжм Ќжб ён«г гћгжЏе гд «бгж«Ўднд »«б ћ«ж“ Џд «бЏё«— (1/734) гЌбе »—н«ѕн «бЏ«∆ѕ бег яг ћ«Ѕ гд »г÷гжд «б‘яжм,»бѕн… 
Ќжб  Џнд «бгж«Ўд (Џ»ѕ«б—Ќгд г»«—я Ё—Ќ«д) ќ—нћ… «бѕ—«”е «б«» ѕ«∆не »’Ё… гжё е Џбм гн“«дне  дгн… «б«ё«бнг («б«‘—«Ё ж«бг—«ё»е) Ќ«—” ё«∆гё«гн… ё÷«Ѕ «бЌжнће бд«Ќн… «б“«» / г ж”Ў… «’»нЌ Ёжё«дн,ѕнж«д «бгЌ«Ёў… 
Ўб» «е«бн гдЎёе —Ќнг ¬же ё—» гЏгб џ«“ де—ж Џдег «бгж«Ўд( Џбн —‘нѕ «гнд) Ќжб  Џ»нѕ ћгнЏ «б‘ж«—Џ ж«б«—’Ёе Ён «бгдЎёе »«” Ћд«Ѕ «бЁ—Џнд ё—» гЏгб «Џб«е,»бѕн… 
‘яжм (гн Ё«÷б ЏЋг«д )  ”яд я—яжя ‘«—Џ «бгЌ«Ёўе »я”— «б«д»ж«» «б—∆”н «бд«ёб ббгн«е ж«бя«∆д гё«»б Ќбжн«  ћде г«»нд Џг«—… «бѕя ж— гЌгѕ —«ЁЏ ж”«бг ѕж џгћн ж ѕЏн »«де« —«ћЏ  гѕн—н яг гд– ‘е— жбг н г  ’бнЌе бЌѕ «б«д .,гѕн—н… «бг«Ѕ
Ўб» (’«»—) гд гдЎё… —Ќнг «же ё—» гЏгб де—ж нЎб» «н’«б «д»ж» «бгн«е «бм гдЎё ег  г “н«—… «бгдЎё… гд ё»бд« жн’Ќ»… Ё—нё  бЁ“нжд я—яжя .,гѕн—н… «бг«Ѕ
‘яжм «е«бн Ќн «бдж— /2 Џдег «бгж«Ўд (Џбн Ќ”нд Џбн ) Џѕг «Џ г«ѕ «бгё«жб «бгябЁ » »бнЎ ‘ж«—Џ «бЌн »«бЎ—ё «бЁдне ж«бедѕ”не гг«  ”»» »ћЏб «— Ё«Џ «б—’нЁ «Џбм гд «бѕж— жгд ‘»яе «бгћ«—н жбн’»Ќ Џ«∆ё бќ—жћ гн«е «бгћ«—н .,»бѕн… 
гЏ«бћ нег« (д—ћ” ж”нЁ Џ’«г Џ»ѕ «ббе ћ»«— ) Ён Ќ«б… жћжѕ Џб«ћ бѕяг «г н” жћ» Џб«Ќег« ќ«—ћ «бЏ—«ё б«—”«бег« «бм «ббћде «бЎ»не «бг—я“не,гѕн—н… «б’Ќ… 
" ёѕг «бнд« Ўб»«"" гд «жбн«Ѕ «гж— «б«ЎЁ«б  «бг’«»нд »г—÷ «б”я—н Џдег «бгж«Ўд (Џг—«д Ў«е— Ќ”д )Ќжб гЏ«д«… еƒб«Ѕ «б«ЎЁ«б Џдѕ Ќ’жбег ббЏб«ћ ж«б«ѕжн… «бќ«’… »Ќ«б ег «бг—÷н… гд ё»б «бг—«я“ «б’Ќн… .",гѕн—н… «б’Ќ… 
"ёѕг Ўб»нд гд «бгж«Ўд нд («д ’«— Ўе г’ЎЁн жќ«дг «Ќгѕ ) бџ—÷ г”«Џѕ ед Ён  “жнѕед »«бЏб«ћ гд г” ‘Ён«яг Џбг«"" «дед гд «бЏж«∆б «бЁё—… ж«бг ЏЁЁ… жнЏ«днд гд г—÷ «б”—Ў«д жЏѕг ёѕ— ед «бг«бн… гд «‘—«Ѕ «б«»— «бќ«’… »Џб«ћед бџб«Ѕ Ћгде .",гѕн—н… «б’Ќ… 
‘яжм «бгж«Ўде ( ”—же гд гдЎё… —Ќнг «же /”—ћд«—  ‘яж гд жћжѕ гЌб«  бћгЏ ж»нЏ «б”я—«» Ён «бгдЎёе ЌнЋ нёжг «’Ќ«» е–е «бгЌб«  »«б ћ«ж“ Џбм «б—’Ё ж«б‘«—Џ ж«” џб«бег« бжёжЁ «б‘«Ќд«  «бд«ёбе бе–« «бгж«ѕ .,»бѕн… 
 ‘яж гд Џѕг «” б«ге« ж«ё—«де« бб—« » гд– «яЋ— гд (5) «‘е— Ён гѕн—н…  —»н… я—яжя /«бѕ—«”е «бяж—ѕне.,гѕн—н… «б —»н…
Ўб» гЏ«гб«   (Џбн  Ќ”нд / Ќ”нд Џбн/ѕ«д« дж“«ѕ) «б–нд н—гжд «б Џннд »’Ё… гƒё е ÷гд гн“«дне  дгн… «б«ё«бнг(«б«‘—«Ё ж«бг—«ё»е),ѕнж«д «бгЌ«Ёў… 
‘яжм «е«бн ё—н… »«ћж«д  «д «б”н«—«  «бгябЁе »—ЁЏ «бдЁ«н«  ж«б«ж”«ќ  ёжг »—ЁЏ «б«ж”«ќ гд «б‘ж«—Џ «б—∆”не ЁёЎ жб« ѕќб «бм Ё—жЏ «бё—не,»бѕн… 
‘яжм  «бгж«Ўд (—“я«—) гд гдЎё… —Ќнг ¬же  «бдў— Ён «гя«дн…  ќ’н’ я—”н б«»де «бгЏжё бяжде ÷ЏнЁ «бЌ«б г«ѕн« жб«н гяд гд ‘—«Ѕ гд «б«”ж«ё «бгЌбне,гѕн—н… «б’Ќ… 
‘яжм «бгж«Ўд (ћ«”г ) Ён гдЎё… «“«ѕн ё—» г”ћѕ «“«н жгѕ—”… дж—ж“ гд Џѕг ’б«Ќн… гн«е «б‘—» бб«” Џг«б «б»‘—не бжћжѕ ‘ж«∆» Ёне,гѕн—н… «бг«Ѕ
н‘яж «Ќѕ «бгж«Ўднд гд ”яд… Ќн —жд«ян гд Џѕг  жЁ— «бќѕг«  «бгЎбж»е Ён «бгдЎё… .,ѕнж«д «бгЌ«Ёў… 
н‘яж «е«бн «бгдЎё… гд ён«г «’Ќ«» «бгЌб«  ж«бѕя«янд »«б ћ«ж“ Џбм «б—’нЁ ж«б‘ж«—Џ бџ—÷ Џ—÷ Ќ«ћ« ег Ён’Џ» Џбм «бгж«Ўднд «” ќѕ«г «б—’нЁ жя–бя «—»«я ”н— «б”н«—«  Ён «бгдЎёе.,»бѕн… 
н‘яж гд я”— «д»ж» «бд«ёб ббг«Ѕ жбж н г  ’бнЌе бЌѕ «б«д »—џг гд г—«ћЏ е бѕ«∆— яг «яЋ— гд г—е н”яд Ён гдЎё… »дће Џбн /ё—» ћ«гЏ е«—жд .,гѕн—н… «бг«Ѕ
Ўб» «н’«б «б н«— «бяе—»«Ѕ бѕ«—е.,гѕн—н… «бяе—»«Ѕ
н‘яж «е«бн гдЎё… (»дће Џбн ё—» ќ«д «бќ‘» ) гд Џѕг жћжѕ ‘я»… гћ«—н Ён «бгдЎё… .,гѕн—н… «бгћ«—н
« ’б «Ќѕ «бгж«Ўднд н‘яж гд «д «бќѕг«  Ён г” ‘Ём «“«ѕн «бЏ«г бн” »«бг” жм «бгЎбж» «Ћд«Ѕ «ббнб .,гѕн—н… «б’Ќ… 
‘яжм гд гдЎё… «б«”я«д н‘яж гд ён«г «’Ќ«» «бѕя«янд ж«бгЌб«  »«б ћ«ж“ Џбм «б«—’Ёе ж«” џб«бе« бџ—÷ Џ—÷ ж»нЏ «бгж«ѕ ж«д е–е «бў«е—е гд ‘—е Ён Џгжг «”ж«ё «бгЌ«Ёўе жнЎб» гЏ«бћ е« .,»бѕн… 
« ’б «Ќѕ «бгж«Ўднд гд ”яд… Ќн 1Ќ“н—«д ... н‘яж гд «Ё ё«— «бЌн «бм «бќѕг«  «б «бн… 1-гѕ‘»я… гћ«—н 2-»д«Ѕ гѕ«—” 3-«д‘«Ѕ Ќѕ«∆ё .,ѕнж«д «бгЌ«Ёў… 
‘яжм √е«бн ё—не Ў«гж— «б «»Џе бё÷«Ѕ ѕ«ёжё Џдег «бгж«Ўд(гћжб ћ«”г гЌгѕ) Ќжб Џгбн…  »бнЎ ‘ж«—Џ «бё—не,»бѕн… 
ёѕг «е«бн гдЎё… Ќн «бд’— «бЋ«дне /ё—» гѕ—”… «бЁ—ѕж” Ќ«ћ… «бЌн «бм  »бнЎ «б‘ж«—Џ гѕ ‘»я… гћ«—н  жнѕЏн »«де  г  »бнЎ »Џ÷ «бЁ—жЏ Ён «бгдЎё… ж —я «б»Џ÷ «б«ќ— .,»бѕн… 
« ’б  «бгж«Ўде  (”ж“«д) гд гдЎё… »дће Џбн  ‘яж гд жћжѕ «б«ж”«ќ ж«бдЁ«н«  Ён гдўё… .,»бѕн… 
Ўб» «бгж«Ўде (бнбм Џ»ѕ«бнге ядяжд) »ќж’ ёЎЏ… «б«—÷ «бг—ёге(6430/9 г 53 ќ  ),»бѕн… 
гЏ«бћ… «бг—н÷е (еѕм ”Џнѕ ё«ѕ— ),гѕн—н… «б’Ќ… 
« ’б «бгж«Ўд (‘нќ я«же ) гд ”яд… «бгдЎёе «бж«ёЏе ќбЁ гћгЏ «б«”д«д нЎб» —ЁЏ «б«дё«÷ ж«бгќбЁ«  «бг —«яге д нћ… ’» Ё—жЏ «бгдЎё… .,»бѕн… 
« ’б  «бгж«Ўде («г гЌгѕ ) гд гдЎё… —Ќнг «же  Ўб»  »бнЎ «б‘ж«—Џ «бё—н»е гд /гЏгб яжб« .,»бѕн… 
« ’б  «бгж«Ўде (бнбм ) гд ”яд… гдЎё… »дћ… Џбн  ‘яж гд «ќ б«Ў гн«е «б‘—» гЏ гн«е «бгћ«—н .,гѕн—н… «бг«Ѕ
Ќжб  ’бнЌ «бя”— «бЌ«’б Ён «б«д»ж» «бд«ёб ббгн«е ж«бя«∆д ё—» гѕ—”… ‘ж—«ж жгё— «бЌ“» .,гѕн—н… «бг«Ѕ
« ’б «бгж«Ўд (жбнѕ)гд гдЎё… «б‘ж—ће ё—» ћ«гЏ »б«б н‘яж гд ЎЁЌ «бгн«е Ён «б‘ж«—Џ жЁ—жЏ «бгдЎё… .,гѕн—н… «бгћ«—н
н‘яж гд ён«г «’Ќ«» «бгжбѕ«  «б«ебне Ён «бё÷«Ѕ гд гЎ«б»… «бг‘ —янд »ѕЁЏ г»бџ (6) «б«Ё ѕнд«— Џд «б«г»н— «бж«Ќѕ ќб«Ё« бб ”Џн—е «б—”гн… ж«б»«бџе (4) «б«Ё ѕнд«— .,ѕнж«д «бгЌ«Ёў… 
"ёѕг «бгж«Ўднд «б”«яднд ( ћ«ж“) Ён »д«н… «Џѕ«ѕн… «б ћ«—… «бж«ёЏ… Ён гдЎё… «б‘ж—ћ… «б «»Џ… «бм ё”г «б Џбнг «бгедн Ён «б —»н… я—яжя Ўб»«""б«нћ«ѕ Ќб »ѕнб Џд «ќб«∆ег б бя «б»д«н… .",гѕн—н… «б —»н…
 Ўб» «бдў— Ён «гя«дн… «д‘«Ѕ Ќѕнё… Џбм «бг”«Ќе «бж«ёЏе »нд Ќн «бё«ѕ”н… жЌн «бд’—«бё—»не бгѕн—н… «бг—ж— ж«б н «’»Ќ  гя«д б—гн «б«ж”«ќ ж«бдЁ«н«  ж«б”»» нЏжѕ «бм Џѕг жћжѕ жЌ«жн«  бе–« «бџ—÷.,»бѕн… 
 ‘яж гд жћжѕ дЁ«н«  ж«ж”«ќ »«бё—» гд ‘—я… ќ«бѕ ‘дян .,»бѕн… 
‘яжм «е«бн д«Ќн… »—ѕн жгдЎё… —Ќнг «же ё—» г—я“ ”—ћд«— «б’Ќн »ќ’ж’ Џѕг ’б«Ќн… «б«ѕжн… «бгжћжѕе Ён «бг—«я“ «б’Ќн… ж«д е«Ѕ «бѕж«г «б—”гн Ён «бг—я“ «б’Ќн Ён «бд«Ќн… «бг–яж—,гѕн—н… «б’Ќ… 
Ўб» «бгж«Ўд… (Ќб«… Ён’б гћнѕ ) “жћ… «б‘енѕ (гЌгжѕ ’«»— гЌгжѕ ) «б–н «” ‘еѕ Џбм «нѕд «б«—е«»ннд » «—нќ 2007/8/12  —жг Ён  ќ’н’ ёЎЏ… «—÷ ”ядне гд  ќ’н’«  –жн Џбг« »«д «б‘енѕ я«д «Ќѕ гд ”»н «б‘—Ў… Ён ѕ«ёжё .,ѕнж«д «бгЌ«Ёў… 
"Ўб» гд «е«бн гдЎё… (Ёнбё )Ўб»« "" Ќжб Ќ«ћ… гдЎё ег «бм «бќѕг«  гд «бгћ«—н ж«б«—’Ё… ж«бм «б н«— «бяе—»«Ѕ .",ѕнж«д «бгЌ«Ёў… 
Ќжб «Џ —«÷ег Џбм г»«бџ «б Џжн÷ «бгёѕ—… бег Џд «бќ”«∆— «б н бЌё  »гг бя« ег д нћ… «б«Џг«б «б«—е«»н… Ён «бгд«Ўё ж«б «—нќ «бгƒ‘— «“«Ѕ «”г яб гдег «бгѕ—ће «”г«ƒег «ѕд«е (Џѕд«д Ё« Ќ гЌн «бѕнд - я«г—«д д’— «бѕнд гЌгѕ - Ё—е«ѕ ’«бЌ Ќ”нд ),ѕнж«д «бгЌ«Ёў… 
н‘яж гд «б «ќн— Ён «дћ«“ »д«Ѕ «бгѕ—”е «бќ«’е »«бё—не яг« нЎб» «бдў— Ён «гя«дне »д«Ѕ —ж÷е б«ЎЁ«б жгѕ—”… Џбм «б”«Ќе «бгжћжѕе Ён «бё—н… жя–бя  »бнЎ «б‘ж«—Џ жнѕЏн »«д Џѕѕ дЁж” «бё—н… «яЋ— гд (300)Ё—ѕ,гѕн—н… «б —»н…
« ’б  «бгж«Ўде ”«—е гд гдЎё… Џ—Ё…  Ўб» ж÷Џ Ќ«жн«  ббдЁ«н«  жя–бя Џѕг жћжѕ «б”н«—«  «бќ«’… н—ЁЏ «б«ж”«ќ Ён «бгдўё… .,»бѕн… 
нЎб» «бдў— Ён «гя«дн…  Ќжнб «бЎ—ё «бгжћжѕ Ён «бЌн «бм ”«∆ѕнд гЏ ж÷Џ г’«»нЌ б«д«—… «б‘ж«—Џ .,гѕн—н… «бяе—»«Ѕ
 ‘яж гд Џѕг  жЁ— «бгн«е гд «бгдЎё… ж ѕЏн »«де«  —«ћЏ гѕн— яг гд– «яЋ— гд Ћб«Ћ… «‘е— жбг  Ќ’б Џбм д нће.,гѕн—н… «бг«Ѕ
 Ќжнб ќЎ «бгџ–н «бяе—»«∆н Ён «бЌн «бг–яж— ж–бя бг—ж—е »«бё—» гд «бѕж— «б”ядн… гг« «ѕм «бн жЁ«… «Ќѕ «бгж«Ўднд Ќ”» «ѕЏ«∆е« Ўн« д”ќе гд «бЎб» «бг–яж— .,гѕн—н… «бяе—»«Ѕ
‘яжм √е«бн гдЎё… »дће Џбн / ё—» яжгн е (14) Џдег «бгж«Ўд(де—ж) гд  —«яг «бдЁ«н«  жЏѕг —ЁЏе« гд ё»б »бѕн… я—яжя жя–бя Ќ«ћ… «бгдЎёе «бм  »бнЎ «—»Џе ‘ж«—Џ Ёне«,»бѕн… 
Ўб»  Џнд «бгж«Ўд («Ќгѕ дћ«… Ќ”нд / ќ—нќ ябн… «б —»н… ) »’Ё… гƒё … жЏбм гн“«дн…  дгн… «б«ё«бнг («бг—«ё»… ж«б«‘—«Ё) »ѕб« гд “жћ е бгж«Ўде (‘ждг ’б«Ќ бЎнЁ ) «бгден Џёѕе«,ѕнж«д «бгЌ«Ёў… 
н‘яж «бгж«Ўд (∆«ж« ) гд Ќн «бд’—  гд ÷ЏЁ «б н«— «бяе—»«∆н,гѕн—н… «бяе—»«Ѕ
 Ќжнб гжўЁн Џёѕ  гд Џёжѕ(«б«‘—«Ё ж«бг—«ё»е ) «бм г‘«—нЏ ( дгн… «б«ё«бнг) гдег (‘нг«Ѕ Ќгнѕ «Ќгѕ / д‘ г«д ‘«гб ‘жя ),ѕнж«д «бгЌ«Ёў… 
Ўб» ё—не г«ге —‘ «б «»Џе бд«Ќн… ‘ж«д гдег «бгж«Ўд(жн” )«” »ѕ«б «бгЌжб«  «бяе—»«∆не «бЌ«бне ж«бёѕнге »гЌжб«  «ќ—м ЌѕнЋе,гѕн—н… «бяе—»«Ѕ
‘яжм «е«бн гдЎё… »«—жѕ ќ«де “ё«ё /2ён«г «бгё«жб «бгябЁ » »бнЎ «б‘ж«—Џ «бЁ—Џне ббгдЎёе «бг–яж—е где« ж —я «б»Џ÷ «б«ќ— жнѕЏн »«де —«ћЏ «бгдеѕ” «бг‘—Ё Џбм «Џг«б «бгё«жб «б««де бг н ќ– «н «ћ—«Ѕ гд ё»бе.,»бѕн… 
« ’б «бгж«Ўд (дћ«… ) н‘яж гд Џѕг «яг«б  »бнЎ «б‘ж«—Џ «б—∆”не ж«бЁ—Џне Ён «бЌн .,»бѕн… 
ж—ѕд« ‘яжм гд ”яд… ‘ёё «бџ«“ «б «»Џе б‘—я яг ж«бг ÷где Ќ«ћ ег «бм «бќѕг«  «бгЎбж»… Ён «бгдЎё… жя–бя ÷ЏЁ «б н«— «бяе—»«Ѕ ж«д‘«Ѕ Ќѕнёе.,ѕнж«д «бгЌ«Ёў… 
н‘яж гд Џѕг  жЁ— гн«е «б‘—» Ён «бгдЎё… «бё—н»е гд ћ”— «бЏЋг«дн жнЎб»  жЁ—е« .,гѕн—н… «бг«Ѕ
бѕм гё«»бе «б”нѕ «бгЌ«Ёў гд ё»б «бгж«Ўде (”бжм ќЎ«» гЌгжѕ )“жће «б”нѕ (г«ћѕ Ќгнѕ гћнѕ ) «бгжўЁ Ён ‘—я яг Ўб»  »««Ќ ”«» ‘е«ѕе “жће« «б«Џѕ«ѕне »ѕб« гд ‘е«ѕе «б«» ѕ«∆не ж–бя яжде Ќ«’б Џбм «б‘е«ѕе «Џб«е гд «Џѕ«ѕн… «бЌяге бб»днд ббЏ«г «бѕ«—”н (1980-1981),ѕнж«д «бгЌ«Ёў… 
Ќжб  Џннд «бгж«Ўде (”«не ћ»«— ” «— )  ќ—нћ… ябн… «бё«джд »’Ё… гƒё е жЏбм гн“«дн…  дгн… «б«ё«бнг ( «б«‘—Ё ж«бг—ё»… ) Ён гѕн—н… «б ”ћнб «бЏё«—н / «бЋ«дн… .,ѕнж«д «бгЌ«Ёў… 
н‘яж «е«бн  ”Џнд «б”«яднд »«бё—» гд дёбн«  »џѕ«ѕ гд жћжѕ «бгн«е «б«”де ж«б—«яѕе Ён «бгдЎёе ж ћгЏ «бЌ‘—«  жнЎб»жд гЏ«бће –бя.,»бѕн… 
‘яжм гд гдЎё… Ёнбё Ќн яж—” «д нЎб»  ’бнЌ «б«д»ж» «бд«ёб ббг«Ѕ Ён «бЌн жнЎб» гЏ«бће «бгн«е «бгжћжѕе »«бё—» гд гё— «бЌ“» «бѕнгё—«Ўн «бяж—ѕ” «д жЌжб ён«г »бѕн… я—яжя »ЌЁ— «б‘ж«—Џ »џне  »бнЎе« «б« «де бг н г  дЁн– «б »бнЎ бЌѕ «б«д г« —я «Ћ«— ”б»не Џбм «е«бн «,гѕн—н… «бг«Ѕ
‘яжм «бгж«Ўд  «»ж ѕн«— Ён ё—н… ЌЁ џ«— «б «»Џе бё÷«Ѕ ѕ«ёжё гд Џѕг  жЁ— «бгн«е «б’«бЌе бб‘—» Ён «бёб«не,гѕн—н… «бг«Ѕ
Ўб» ( «»ж Џбн ) гд гдЎё… —Ќнг «же ќбЁ ћ«гЏ —жд«ян нЎб» Ён «гя«дн… гЏ«бћ… гж÷жЏ ‘»яе «бгћ«—н Ён «бгдЎё… ж–бя ÷ЏЁ «б н«— «бяе—»«Ѕ .,гѕн—н… «бгћ«—н
н‘яж гд Ў—нё… ж÷Џ «бгЎ»«  «б«’Ўд«Џне «б м ж÷Џ е« гѕн—н… »бѕн… я—яжя Џбм Ў—нё «б—∆н”н ж«б н б« жЁн »«бџ—÷ «бгЎбж» ббЌѕ гд ”н— «б”н«—«  «бг«—е гЏ Џѕг ж÷Џ Џб«г«  «” ѕб«б ж д»не Џбн «бћ”— «б—«»Ў »нд ё÷«Ѕ ѕ«ёжё Ўж“ ж–бя б Ё«ѕн «бЌж«ѕЋ «бг—ж—н… .,»бѕн… 
нЎб» «бдў— Ён «гя«дн… «н’«б «б н«— «бяе—»«∆н «бм ё—н ег жё—н… «бгд’ж— гд ё—н… ЌЁ џ«— «б «»Џе бё÷«Ѕ ѕ«ёжё .,гѕн—н… «бяе—»«Ѕ
гд ќб«б Ё÷«∆н… я—яжя (»е н«дн я—яжя ) «‘ ям гж«Ўд гд ё—н…  —ћн «б «»Џе д«Ќн… « Џб«е Ќжб ЏЎб «бгжбѕ «бќ«’е »«б»∆— «б«— ж«“н «бгќ’’ бг«Ѕ «б‘—» гд– гѕ… жЏѕг  ’бнЌ… »«б—џг гд г—«ћЏ… гѕн— «бд«Ќн… ж«Џб«г… »«бгж÷жЏ,гѕн—н… «бг«Ѕ
’—Ё г”«Џѕ… г«бн… »г»бџ (500) ќг”г«∆… «бЁ ѕнд«— ббгж«Ўд… (Ќ”нд… ‘—я«— Џбн) гд дЁё«  «б«‘—«Ё,ѕнж«д «бгЌ«Ёў… 
«б‘яжм «бж«—ѕ… Ўн я «» «б«г«д… гя » «бё«∆ѕ «бЏ«г ббёж«  «бг”бЌ… «бЁё—…(6/ћ) Ќжб Ќ«ћ… гдЎё… «б»ж Ќгѕ«д «б «»Џ… «бм ё÷«Ѕ «бЌжнћ… «бм «бгн«е «б’«бЌ… бб‘—» б«” Џг«б «б«е«бн бгн«е «б¬»«— жен џн— ’«бЌ… бб‘—»,гѕн—н… «бг«Ѕ
Ўб» бџ—÷  Џннд «бгж«Ўд…(”«—… нж”Ё гЌгѕ ёе—г«д) ќ—нћ… ябн… «б —»н… ж÷гд гн“«дн… «б» —жѕжб«—(«бг—«ё»… ж«б«‘—«Ё) Ён  —»н… я—яжя/«бѕ—«”… «бяж—ѕн…,ѕнж«д «бгЌ«Ёў… 
г”«Џѕ… г«бн… ббгж«Ўд (—‘нѕ Џ»ѕ «ббе Џбн ) »г»бџ (150000) г«∆… жќг”жд «бЁ ѕнд«— ягя«Ё√… бќѕг« е,ѕнж«д «бгЌ«Ёў… 
‘яжм Ќжб Џѕг  ќ’н’ ёЎЏ… «—÷ ”ядн… ббгж«Ўд (дћг «бѕнд Џг— ћ«”г ) гд ё»б «б»бѕн…,»бѕн… 
«Џ —«÷ «бгж«Ўд(Џѕд«д ћ»«— я«яе Џ»ѕ «ббе) Џбм г»бџ  Џжн÷… Џд «б«÷—«— «б н бЌё  »гЌб« е √Ћ— «дЁћ«— ”н«—… гЁќќ… Ён ‘«—Џ «Ўб” «бгё—— гд ё»б «ббћд… «бгќ ’…,ѕнж«д «бгЌ«Ёў… 
ё«г Ё—нёд« «Џб«е »“н«—… гдЎё… яж—ѕ” «д (Ёнбё ) ж г «б«Ўб«Џ Џбм «бгЏжё«  «б н  ƒќ— «дћ«“ г‘—жЏ  »бнЎ «б‘ж«—Џ «бѕ«ќбне Ён гдЎёе «Џб«е яг« бжЌў жёжЁ ”н«—«  »«∆Џн «бгж«ѕ «б«д‘«∆не (Ќ’ж-—гб -«”гд ) Џбм «б‘«—Џ «бЏ«г жЏбм «бЁбя… Ён  бя «бгдЎё… .,»бѕн… 
 Ўб» «бдў— Ён «гя«дн… гЏ«бћ… «бж«ѕн «бгжћжѕ Ён «бгдЎё… ж«б–н «’»Ќ гя«д б ћгЏ «бгн«е «б«”де гЏ «б«” Ё«ѕ… гд «бг”«Ќе «бгжћжѕ »«бё—» где «бгѕ«—” «ж«н г—Ёё ќѕгн няжд Ёне ќѕг… бб’«бЌ «бЏ«г .,гѕн—н… «бг«Ѕ
жбнѕ гд Ќн 1 «–«— ё—» гѕ—”… ∆«Ён” « н‘яж гд «де бг н г  Џ»нѕ ж »бнЎ ‘ж«—Џ «бЌн «бг–яж— »«бг” жм «бгЎбж» гд ё»б ‘—яе —дћ «бгдЁ– ббг‘—жЏ .,»бѕн… 
 Ўб» гж«Ўд гд гдЎё… »дће Џбн ё—» гѕ—”… г«б»« ж н‘яж гд «Ё ё«— гдЎ ег «бм ќѕг«  1- »бнЎ «б‘ж«—Џ 2-«н’«б «бгн«е «б’«бЌе бб‘—» 3- гѕ ‘»я… «бгћ«—н .,ѕнж«д «бгЌ«Ёў… 
‘яжм (жбнѕ гд гдЎё… »дће Џбн ё—» гбЏ» я—яжя ) н‘яж гд Џѕг «н’«б «б«д»ж» «бќ«’ »гн«е «б‘—» «бм гдЎё ег бЌѕ «б«д .,гѕн—н… «бг«Ѕ
"«” «ѕ«"" «бм  жћне«  «б”нѕ ж«»д«Ѕ"" Џбм «б“н«—… «бгнѕ«дне «б н ё«г »е« Ё—нё «б“н«—… «бгнѕ«дн… Ён ё”гд« » «—нќ 2013/3/18 »“н«—… гдЎё… —Ќнг «же гё«»б ћ«гЏ (ќн— ќж«“«д ) ЌнЋ н‘яж «б«е«бн гд Џѕг жћжѕ ќЎ —∆н”н бдёб «бг«Ѕ гг« «÷Ў— «е«бн «бгдЎё… «бм ”Ќ» «бгн«е »ж«",гѕн—н… «бг«Ѕ
гЏ«бћ… «бг—н÷ («дж— Џг— Ў«е— ) жгЏ«бћ е Ён Ќ«б… жћжѕ Џб«ћ бѕняг «г н” жћ» Џб«ће ќ«—ћ «бЏ—«ё б«—”«бе «бм «ббћде «бЎ»не «бг—я“не .,гѕн—н… «б’Ќ… 
н‘яж «е«бн «бгдЎё… гд ён«г Џг«б «б дўнЁ Ён гѕн—н яг »—гн «б«ж”«ќ гд Ёжё «бћ”— «б—«»Џ гг« н ”»» Ён   Ў«н— «б« —»е ж«б«ж”«ќ Џбм «бгд«“б «бё—н»е гд «бћ”— .,»бѕн… 
нЎб» «бдў— Ён «гя«дн…  »бнЎ «б‘«—Џ «б—∆н”н ж«бё—н» гд Ў—нё «б”бнг«дне - я—яжя жя–бя гЏ«бћ… «бгбжЌе «бг’«Ќ»е бгн«е «б‘—» .,ѕнж«д «бгЌ«Ёў… 
«бгж«Ўд («Ќгѕ гд Ќн —жд«ян ) нЎб»  »бнЎ Ё—жЏ «бЌн ж«б н бг н г  »бнЎе« бЌѕ «б«д «”ж… »«бгд«Ўё «б«ќ—м .,»бѕн… 
«бгж«Ўд («“«ѕ гд гдЎё… »дће Џбн ё—» гЏгб «бгбЌ ) н‘яж гд ён«г гѕн—н яг » »бнЎ я«Ё… «бЁ—жЏ Ён «бгдЎё… »«” Ћд«Ѕ Ё—Џнд жн”«б Џд «”»«» –бя .,»бѕн… 
нЎб» «бдў— Ён «гя«дн… гЏ«бЌ… ў«е—… ж÷Џ «бб«Ё «  ж«б«Џб«д«  Џбм «б‘ж«—Џ «бЏ«ге ж«бћѕ—«д ж«б–н нƒЋ— ”б»« Џбм ћг«бн… «бгѕнде .,»бѕн… 
«бг—н÷ («н«ѕ г’ЎЁн Џ“«бѕнд ) гЏ«бћ е Ён Ќ«б… жћжѕ Џб«ћ бѕняг «г н” жћ» Џб«ће ќ«—ћ «бЏ—«ё б«—”«бе «бм «ббћде «бЎ»не «бг—я“не .,гѕн—н… «б’Ќ… 
«бг—н÷ (нж”Ё ÷н«Ѕ гЌгѕ ) гЏ«бћ е Ён Ќ«б… жћжѕ Џб«ћ бѕняг «г н” жћ» Џб«ће ќ«—ћ «бЏ—«ё б«—”«бе «бм «ббћде «бЎ»не «бг—я“не .,гѕн—н… «б’Ќ… 
«бгж«Ўд (—“я«— ) гд гдЎё… —Ќнг «же нЎб» «бдў— Ён «гя«дн…  ќ’н’ я—”н б«»де «бгЏжё гд ё»б ѕ«∆—н яг ж–бя бЏѕг  гяде гд ‘—«Ѕе гд «б«”ж«ё «бгЌбне бў—жЁе «бг«ѕне «б’Џ»е ж’«Ќ» Џ«∆бе я»н—… .,гѕн—н… «б’Ќ… 
»гжћ» «б«г— «б«ѕ«—н «бг—ёг (411/5020) Ён 2010/7/27  д”»  »бџ «бгѕ—ће «”г«ƒег «ѕд«е »«бЌ÷ж— «бм  ѕнж«д «бгЌ«Ёў… ё”г ‘ƒжд «бгж«Ўднд Ён  г«г «б”«Џ… «б «”Џ… ’»«Ќ« гд нжг «бќгн” «бг’«ѕЁ 2013/4/18 . Џг— /дж“«ѕ /нЌнм,ѕнж«д «бгЌ«Ёў… 
"Ўб» гћгжЏ… гд «е«бн Ќн ‘ж—«ж /ќбЁ ћ«гЏ «б”бЎ«де Џдег (ѕ«д«  Ќ”нд Ќ”нд ) Ўб»«"" Ќжб Ќ«ћ… гдЎё ег «бм «я”«Ѕ ж »бнЎ «—»Џ… Ё—жЏ г »ён… »ѕжд  »бнЎ .",»бѕн… 
Ќжб дёб «бгжбѕ… «бЏ«∆ѕ… ббгж«Ўд («ѕ—н” дж— «бѕнд гЌгѕ ) .,ѕнж«д «бгЌ«Ёў… 
 Џнд ”«∆ё »’Ё… гжё е жЏбм гн“«дне  дгн… «б«ё«бнг («б«‘—«Ё ж«бг—«ё»е) б “жнѕд« »гЏ«гб… гд  —гжд  —‘нЌ… ббжўнЁ… «бг–яж—е,ѕнж«д «бгЌ«Ёў… 
"ёѕг гћгжЏ… гд «бгж«Ўднд гд «е«бн гЌб… Ќг“бн ё—» я—«ћ »џѕ«ѕ Џдег «бгж«Ўд (ќбнб “нд «бЏ«»ѕнд «Ќгѕ ) Ќжб ён«г яб гд (ќбЁ жЁн’б жЏж«ѕ ) «жб«ѕ «Ќгѕ ѕ—жн‘ »«б ћ«ж“ Џбм «бгдЎё… ж–бя » ё”нг ж»нЏ «б«—«÷н «бм «бгж«Ўднд Џ‘ж«∆н«"" жж÷Џ «бЌж«ћ“ ж”ѕ «бЎ—нё .",»бѕн… 
ж—ѕд« Ќжб  ћ«ж“ «бгж«Ўднд Ён гдЎё… «бЁнбё ж–бя »«” џб«б «б‘«—Џ «бЏ«г Ён «бгжёЏ «бгќ’’ б ’—нЁ «бгн«е ж»д«Ѕ ѕж—ег Џбне« гг« н”»» Ён  ћгЏ «бгн«е Ён «б‘«—Џ жЏѕг  ’—нЁе« гд «бѕж— жёѕ  г  »бнџег »«“«б…  бя «б ћ«ж“«  жбяд ѕжд ћѕжм .,»бѕн… 
"Ќжб  ж«ћѕ гЌб«  б»нЏ «бгж«ѕ «б«д‘«∆н… Ён гдЎё… «бЁбнё Ќн я—ѕ” «д ж«д «е«бн «бгдЎё… нЏ«джд гд г÷«нё«  яЋн—… гд ЌнЋ «б«“ѕЌ«г«  гд жёж  ”н«—«  «бЌгб «бд«ёб… б бя «бгж«ѕ ж«н÷« "" гд  ’«Џѕ «бџ»«— ж«б« —»… Ён «бгдЎё… «б”ядн… ж«б–н нƒѕм «бм «бяЋн— гд «б«г—«÷ ж бж",»бѕн… 
ёѕг «бнд« «бгж«Ўд (е«ж—н Џѕд«д гЌгѕ)Ќжб Џѕг  г‘н… гЏ«гб… «б Џжн÷ ж«б ё«Џѕ «бЏ«∆ѕ «бне жЌ”» ѕ—ћ… ЏЏћ“е «бЌѕнЋе Џбг« »«д «ж—«ёе «б Ќёнёне «б гж«ћѕе Ён «бћд«не ёѕ «Ќ —ё  «Ћд«Ѕ ѕ«∆—… «б Ќёнё«  «бћд«не бб«дЁћ«— Ён Ќнде жёѕ  г «бЏЋж— Џбм д”ќе гд «б«ж—«ё «б Ќёнё,ѕнж«д «бгЌ«Ёў… 
ёѕг гћгжЏе гд «е«бн гдЎё… «б‘ж—ће «бЁ—Џ «бж«ёЏ ќбЁ ”жё «б‘ж—ће н ÷гд  »бнЎ Ё—Џег ЌнЋ  г  »бнЎ ћгнЏ «бЁ—жЏ »√” Ћд«Ѕ «бЁ—Џ «Џб«е,»бѕн… 
‘яжм «бг—Ёё… »√” г—«— «б ћ«ж“ жЏѕг «“«б е« бЌѕ «б«д Ён гдЎё… »дће Џбн ё—» ∆«же ”»н  ж г  «б«ћ«»… »гжћ» я «»яг «бг—ёг 31Ён2013/2/27 »«« ќ«– г«нб“г ж«“«б… я«Ё… «б ћ«ж“« ,»бѕн… 
ёѕг «бгж«Ўд (н«бћнд ”«гн ‘«я—) гд «е«бн Ќн «бж«”Ўн ё—» гЌўе  Џ»∆е Џё»е »д д«ЁЏ Ќжб «Ё ё«— «бгдЎёе «бм гѕ ‘»я… гћ«—н б ’—нЁ гн«е гћ«—н,гѕн—н… «бгћ«—н
Ё’б «бгжўЁнд  «б”н«”нд гд– Џ«г 1991 жёѕ  г «Џ«ѕ ег «бм «бќѕге Џ«г 2004 ж2006 гдег (Ќ”нд «гнд/ћ«”г гЌгѕ/ Џ«ѕб гЌгѕ «гнд) жбяд «–  г «Џ«ѕ ег «бм «бжўнЁе бж н г «Ќ ”«» Ё —е «бЁ’б ќѕг… ЁЏбне б«џ—«÷  «бЏб«же,ѕнж«д «бгЌ«Ёў… 
гё —Ќ ж— д« Џѕ… Ўб»«  гд «бгж«Ўднд Ќжб Ќ«ћ… гЌ«Ёў д« «бм Ё Ќ г—я“ бб жЌѕ бг—÷ «б жЌѕ »гЁ« Ќ… —∆«”… «б’Ќ… »е–« «бќ’ж’ ж«ћ» д« »«бя «» «бг—ёг 753 Ён 2013/4/1 н г «Ќ«б ег «бм гЏеѕ «б—ћ«Ѕ ббгЏжёнд «бг ж«ћѕ Ён гЌ«Ёў д« .,гѕн—н… «б’Ќ… 
‘яжм гд «’Ќ«» «бгЌб«  Ён ‘«—Џ «Ўб” гё«»б г’—Ё «б—«Ёѕнд Ќжб ён«г «б»бѕн… » жћне «д–«— б«ќб«Ѕ «бгЌб«  «б н н‘џбжде«,»бѕн… 
‘яжм гд «е«бн гдЎё… —Ќнг ¬же/»е —ќжѕ«д Ќжб «Ё ё«— гдЎё ег ббќѕг«  («бг«Ѕ ж‘»я… «бгћ«—н ж »бнЎ «б‘ж«—Џ),ѕнж«д «бгЌ«Ёў… 
«бгж«Ўд («—«“ ) гд Ќн «б«”—м «бгЁёжѕнд н‘яж гд ён«г «бћее «бгябЁе » »бнЎ «б‘ж«—Џ Ён «бЌн » —я »Џ÷ «бЁ—жЏ »ѕжд  »бнЎ ж«б«д ё«б «бм «бЁ—жЏ «б«ќ—м .,»бѕн… 
"ёѕг  «бгж«Ўде (дня«— «»—«енг гЌгѕ ) гд «е«бн Ќн «бж«”Ўн «б”«яд… Ён «бѕ«— «бг—ёг… (2109/393/692/393) Ўб»«"" яжд Џдѕ гѕ «бгћ«—н гд ё»б г‘«—нЏ гѕн—н яг я«д г’»е« «Џбм гд «бѕж— «б«г— «б–н нƒѕн «бм Џѕг  ’—нЁ «бгн«е ќ«—ћ «бѕж— жбг« бе–е «бЌ«б… гд «÷—«— Џбнег .",гѕн—н… «бгћ«—н
«бгж«Ўд (Џбн ) гд «е«бн «б«”—м ж«бгЁёжѕнд н‘яж гд ён«г гѕн—н… «бг«Ѕ »”Ќ» «д»ж» «бг«Ѕ Ён «бЌн «бг–яж— ждёбе «бм гдЎё… «ќ—м ж«д ‘«— ў«е—…  —»не «бЌнж«д«  ж«бгж«‘н Ён «бгд«Ўё «б”ядне .,гѕн—н… «бг«Ѕ
Ўб» «е«бн гдЎё… —Ќнг ¬же »«бё—» гд гЏгб «б Ё«Ќ Ќжб Ќ«ћ… гдЎё ег «бм д’» «Џгѕ… бб н«— «бяе—»«∆н,гѕн—н… «бяе—»«Ѕ
ёѕг гћгжЏ… гд «е«бн гдЎё… ”н я«дн«д Џдег «бгж«Ўд ( Џ«ѕб Ќ”д «гнд ) Ќжб Ќ«ћ… гдЎё ег «бм д’» «Џгѕ… бб н«— «бяе—»«Ѕ Ўн« .,гѕн—н… «бяе—»«Ѕ
ёѕг «бгж«Ўд ( «”ж ћже— ’«»— ) гд ”яд… гдЎё… «бЌ—н… ё—» гЎЏг «”г«я «б»Ќ— Ќжб гЏ«д«… «б«е«бн »”»» яЋ—… «бЌЁ—н«  «бж«”Џ… ( «бж«ѕн ) Ён «бгдЎё… ж«б н бг н г —ѕге« ж«яг«бе« гд ё»б «бгё«жб «бг”ƒжб Џд «бг‘—жЏ «б«г— «б–н нƒѕн «бм  —«яг «бдЁ«н«  ж«б«жЌ«б .,»бѕн… 
ёѕг «бгж«Ўд ( ”Џѕн Џ»ѕ «бћ»«— Ќ”д ) гд ”яд… гдЎё… «бЌ—н… ё—» гЎЏг «”г«я «б»Ќ— ќбЁ ѕ«∆—… «б”ћд«Ѕ «б”н«”ннд Ќжб гЏ«д«… «б«е«бн »”»» Џѕг жћжѕ «Џгѕ… бб н«— «бяе—»«∆н Ён «бгдЎё… .,гѕн—н… «бяе—»«Ѕ
«бгж«Ўд ( —“я«— гд ё—н… ЌЁ џ«— «б «»Џе бё÷«Ѕ ѕ«ёжё ) нЎб» «бдў— Ён «гя«дн… «н’«б «б н«— «бяе—»«∆н «бм ё—н яг жё—н… «бгд’ж— .,гѕн—н… «бяе—»«Ѕ
"ёѕг  «бгж«Ўде (Ќд«д гЌгѕ жбн ) бџ—÷  ќ’н’ —« » ‘е—н б«»д е« «бгѕЏж… ( «нб«Ё «“«ѕ д«’Ќ ) «б н  Џ«дн гд г—÷ «бёб» бяжд «бЌ«б… «бг«ѕн… б«ебе« ÷ЏнЁ… ћѕ«"" жЏѕг «гя«дн ег Ён  жЁн— «бЏб«ћ «бќ«’ »е« .",гѕн—н… «б’Ќ… 
гЏ«бћ… «бг—н÷ (гЌгѕ гж”м Џ»«”)  Ён ѕ«ќб «ж ќ«—ћ «бёЎ—,гѕн—н… «б’Ќ… 
Ќжб  ‘янб бћд…  б дЁн– г‘—жЏ  ћен“ я—Ё«д б»д«н… ё”г ‘ƒжд «бгж«Ўднд,ѕнж«д «бгЌ«Ёў… 
Ўб» «е«бн ё—н… «б г«нге «б «»Џе бд«Ќне н«нћн Џдег «бгќ «— «бё—не «бгѕЏж («Ќгѕ ќ÷н— гЌб) Ќжб «н’«б «бЎ«ёе «бяе—»«∆не «бм ё—н ег,гѕн—н… «бяе—»«Ѕ
Ўб» «е«бн гдЎё…  ”Џнд ќбЁ ћ«гЏ гЌгѕ —”жб «ббе Џдег «бгж«Ўд (г’ЎЁм ЏЋг«д ‘«я—) Ќжб  «Ё ё«— «бм «бќѕг«  «б «бне( »бнЎ «б‘ж«—Џ / гѕ ‘»я… гћ«—н / «д‘«Ѕ ”«Ќ… бжёжЁ «б”н«—« ),ѕнж«д «бгЌ«Ёў… 
Ўб» «е«бн гдЎё… »дће Џбн  / ё—» «б”нЎ—е «бёѕнге »Ўб»  »бнЎ «б‘«—Џ гЏ «гя«дн… «д‘«Ѕ Ќѕнёе Џбм «бг”«Ќе «бгжћжѕ »«бё—» где,»бѕн… 
Ўб» «бгж«Ўд(е«ж—н Џѕд«д гЌгѕ) «бг ÷—— √Ћ—  Џ—÷е бЌ«ѕЋ «—е«»н «ѕм «бм «’«» е »ёбЏ Џнде «бн”—м гЏ я”— ћгћге жя”— «бћѕ«— «б«г«гн ббћнж» «бћ»ежне жЏдѕ «Ќ«б е «бм «ббћде «бѕ«∆гне Ён Ќнде  г «Ќ ”«» ѕ—ћ… Џћ“е (55%) жЁё «бё—«— «бгƒж—ќ Ён 2006/2/21,ѕнж«д «бгЌ«Ёў… 
‘яжм «бгж«Ўд(я«г—«д) гд гдўё… «б‘ж—ће гд г’«»нЌ «б«д«—е «бгжћжѕ Ён ‘ж«—Џ «бгдЎёе ё”г где« нЏгб ж«бё”г «б«ќ— гЏЎб,гѕн—н… «бяе—»«Ѕ
Ўб» «бгж«Ўд («г «Ќгѕ ) гд гдЎё…  »е  нѕЏн »«де  г «дћ«“ Џгб «—’Ё… «б‘ж«—Џ жбг н г  »бнЎ бЌѕ «б«д ж Ўб» «б«”—«Џ Ён –бя,»бѕн… 
«бгж«Ўд ( «Ќгѕ гд Ќн «бё«ѕ”не ) нЎб» «гя«дн… «д‘«Ѕ Ќѕнёе Ён «бгдЎё… жя–бя гЏ«бћ… ÷ЏЁ «б н«— «бяе—»«∆н .,ѕнж«д «бгЌ«Ёў… 
«бя‘Ё «бќ«’ »«н’«б «б н«— «бяе—»«∆н «бм гдЎё… «б‘ж—ћ… гё«»б ћ«гЏ ( Џг— »д ќЎ«» ) .,гѕн—н… «бяе—»«Ѕ
«бя‘Ё «б ќгндн «бќ«’ »гдЎё… ж«”Ўн ё—»  яне «б”нѕ Џж«ѕ бгЏ«бће г‘ябе  ћгЏ гн«е «б«гЎ«— .,гѕн—н… «бгћ«—н
»«ћ—«Ѕ «бЁЌ’ Џбм «бг—н÷е ( џ—»  —Ќнг ”Џѕ «ббе) гЏ«бћ… .,гѕн—н… «б’Ќ… 
»«ћ—«Ѕ «бЁЌ’ Џбм «бг—н÷ ( »я— Џ»ѕ «ббе ’«бЌ ) жгЏ«бћ… .,гѕн—н… «б’Ќ… 
"д—Ёё Ўн«"" гЏ«гб«  «бгѕ—ћ… «”г«ƒег ж Ќ’нбег «бѕ—«”н «ѕд«е гд «бб–нд н—жгжд «б Џннд »’Ё… гƒё е жЏбм гн“«дн…  дгн… «б«ё«бнг ( «бг—«ё»…ж«б«‘—«Ё ) бн“«д /Џг«ѕ/ ”«г«д/ гЌгѕ/ ‘ж«д",ѕнж«д «бгЌ«Ёў… 
Ќжб Ўб» «бгж«Ўд (’«бЌ ќбЁ Џ»ѕ «ббе ) гќ «— ё—н… «бЏбя«н… .... б »бнџ «бгжг«бне »г—«ћЏ… ѕнж«д «бгЌ«Ёў… /ё”г ‘ƒжд «бгж«Ўднд .,ѕнж«д «бгЌ«Ёў… 
Ќжб  Џннд «бгж«Ўд ( гЌгѕ ЏЎн… ќбЁ/”«∆ё ) »’Ё… гƒё е жЏбм гн“«дн…  дгн… «б«ё«бнг ( «б«‘—«Ё ж«бг—ё»… ) Ён гѕн—н… д«Ќн… «бгб ём .,ѕнж«д «бгЌ«Ёў… 
ёѕг «бнд« «е«бн гдЎё… «г«г ё«”г Ё—Џ «бЏёнѕ ѕ«дн«— ж«бЏёнѕ ‘н—“«ѕ Џдег «бгж«Ўд ( —“я«— ”Џнѕ Џг— ) Ќжб Ќ«ћ… гдЎё ег «бм ( «б »бнЎ ж«бгћ«—н ж«б«—’Ё… ж«н’«б «бг«Ѕ «б’«бЌ бб‘—ж» .,ѕнж«д «бгЌ«Ёў… 
Ўн я «» гѕн—н… “—«Џ… я—яжя /ё”г ќѕг«  «бЋ—ж… «бЌнж«дн… «бг—ёг 5263 Ён 2013/4/3 (1)  г «б«‘«—… Ён «бЁё—… /2 »«д «б«Џг«б «бгѕдн… ббЏгб  г «дћ«“е« гд ё»б »бѕн яг (2)  г «б«‘«—… Ён «бЁё—… /3 «бм е«г‘ «б”нѕ ж“н— «б»бѕн«  Ён Ќнде Џбм г–я—… «б”нѕ ег«г ‘Ёнё б«н÷«,гѕн—н… «б“—«Џ…
’ж—… ‘яжм «бгж«Ўд ( “»д Џ»ѕ «ббе гЌгѕ ) гд ”яд… ё÷«Ѕяг Ќн ќж—“ ён«г «бгж«Ўд ( ”Џѕ «Ќгѕ ЌЁ— ) »«б ћ«ж“ Џбм «бёЎЏ… «б ћ«—не «бг—ёге ( 372/99) г36) ѕ«ёжё ж«бж«ёЏ… ќбЁ ѕ«—ег ж«бЏ«∆ѕе гбян яе« «бм гѕн—н… »бѕн… ѕ«ёжё ж«” џб«бе« б»нЏ «б”гд  ж«бЌѕнѕ жгж«ѕ «ќ—м ѕж,»бѕн… 
"ж—ѕд« гд «е«бн ё—н… Џб’ Ўб»«"" Ўн я «» «ббћд… «бгЌбн… ббЌ“» «б‘нжЏн «бЏ—«ён «бг—ёг 7 Ён 2013/3/25 Ќжб Ќ«ћ… ё—н ег «бм «бќѕг«  «бгѕ—ћ… »Ўб»ег .",ѕнж«д «бгЌ«Ёў… 
«бгж«Ўде ( «г гЌгѕ ) гд ”яд… Ќн «бЏ”я—н ё—» «бћ”— «бћѕнѕ  ‘яж гд ён«г »Џ÷ «бгж«Ўднд гд ”яде «бЌн » —»н… «бгж«‘н ж Ўб» гЏ«бћ… е–е «бў«е—е.,»бѕн… 
Ќжб  »бнЎ «бЁ—жЏ Ён Ќн «‘ м («г«г «бежм )  г  «ћ«ћ… гѕн—н… »бѕн«  я—яжя »гжћ» я «»е« 5852 Ён 2013/4/28 Џбм Џѕг ћж«“  »бнЎ  бя «б‘ж«—Џ б«Ё ё«—е« «бм ќѕг«  «б»дн… «б Ќ н… .,»бѕн… 
 Џнд «”г«Ѕ (Џбн гЌгѕ/ ё«—жд —Ќнг) »’Ё… «бгжё е  Џбм гн“«дне  дгн… «б«ё«бнг («бг—«ё»е ж«б«‘—«Ё) Ён гѕн—н… «бжёЁ «б”дн Ён ё—не,ѕнж«д «бгЌ«Ёў… 
 Џннд «”г«Ѕ »’Ё… гжё е (дѕм Ќгнѕ / —«жн… е«‘г) Џбм гн“«дн…  дгн… «б«ё«бнг («бг—«ё»е ж«б«‘—«Ё) Ён ё”г «д —дн  гЌ«Ёўе я—яжя,ѕнж«д «бгЌ«Ёў… 
Ўб»  »бнЎ «бЁ—Џ «бж«ёЏ ќбЁ «б”жё «б‘ж—ће жЏгб ”ж«ён Џдѕ «б »бнЎ,»бѕн… 
Ўб» «е«бн «б”«яднд гд гдЎё н «г«г ё«”г ќбЁ гѕ—н… ћ—ж жгдЎё… «”я«д ё—» гЏгб «бЋбћ «б‘«—Џ «бж«’б »нд »д«не  бЁ“нжд я—яжя ж«”ж«ё «б»—д«—ѕн нЎб»«д ж÷Џ гЎ»«  «’Ўд«Џне ж–бя бг—ж— ”н«—«  «г«г ѕж—ег »”—Џе я»н—е гг«н‘яб ќЎ—« Џбм «—ж«Ќ ”«ядн «бгдЎёе ж»√ќ’ «б«ЎЁ«б 0,»бѕн… 
‘яжм «бгж«Ўд (я«—“«д) гд гдЎё… ‘ж—«ж гд Џѕг ён«г гѕн—н… »бѕн… »”ён «б«‘ћ«— «б м  г “—«Џ е« Џбм ћж«д» ж«бћ“—«  «бж”Ўне Ён «бгдЎёе,»бѕн… 
Ўб» «е«бн Ќн «бЏ—ж»е  «б»«бџ Џѕѕег (200)жгдег «бгж«Ўд (Џ«г— Џяб… Ќгѕ) бџ—÷ «н’«б «бяе—»«∆н «бм гдЎё ег,гѕн—н… «бяе—»«Ѕ
»«ћ—«Ѕ «бЁЌ’ Џбм «бг—н÷ ( гЌгѕ Џбн ё«»б ) жгЏ«бћ е Ён Ќ«б… жћжѕ Џб«ћ бѕняг «г н” жћ» Џб«ће ќ«—ћ «бЏ—«ё б«—”«бе «бЎ»н… «бг—я“не .,гѕн—н… «б’Ќ… 
 ‘янб Ё—нё Џгб няжд «бЌѕ ж«б”нЎ—… Џбм ў«е—… «д ‘«— гя« » «бѕб«бн… б»нЏ ж‘—«Ѕ «бЏё«—«  «бџн— гћ«“… жЏѕг  жЁ— «б‘—жЎ «б«гдн… ж«б‘е«ѕ… «бгЎбж»… Ёне« .,»бѕн… 
гЏ«бћ… «бг—н÷е (“»нѕ… дж—н ‘жя )  Ён Ќ«б… жћжѕ бѕняг «г н” жћ» Џб«ће«ѕ«ќб «ж ќ«—ћ ёЎ—,гѕн—н… «б’Ќ… 
гЏ«бћ… «бг—н÷ (‘н»«дн Џбн ќбЁ)  ѕ«ќб «ж ќ«—ћ «бёЎ—,гѕн—н… «б’Ќ… 
"‘яжм Ќжб  Ў«»ё «бЏгб ж«бгж«ѕ «бг” ќѕге гг«  ”»» «бм  я”— «б‘«—Џ жўеж— ЌЁ— Ёне Џбг«"" «д «б‘«—Џ  г  дЁн–е« гд ё»б ‘—я н ( —жЏе «б«”” -ж«бгЌћж») .",»бѕн… 
ёѕг гћгжЏ… гд «е«бн гдўё… «”я«д «бћнѕе ё—» г’ж— ‘н—“«ѕ гё«»б «бг д“е Џдег «бгж«Ўд(нж”Ё ”Џнѕ гЌгѕ ) ж«бгдЎё… «бж«ёЏе гё«»б ( Ћ«джне 11 «–«— бб»д«  ) Ён гЌбе «”я«д ‘яжм Ќжб «д”ѕ«ѕ ‘»я… «бгћ«—н бгдЎё… «бг–яж—… .,гѕн—н… «бгћ«—н
»«ћ—«Ѕ«бЁЌ’ Џбм «бг—н÷нд ( д«ѕн… ”«бг Џж«ѕ ж—ён… Џ—Ё«д ”гнд ) жгЏ«бћн ег« Ён жћжѕ Џб«ћ бѕняг «г н” жћ» Џб«ћнег« ќ«—ћ «бЏ—«ё .,гѕн—н… «б’Ќ… 
д—Ёё бяг Ўн« «бя‘жЁ«  «бќ«’… »г‘—жЏ ( «д‘«Ѕ Ў—нё ѕ«ќб ё—н… ћнгд «бя»н— ),»бѕн… 
»«ћ—«Ѕ «бЁЌ’ Џбм «бг—н÷ ( ћ»«— Џг— —‘нѕ) жгЏ«бћ е Ён Ќ«б… жћжѕ Џб«ћ бѕняг «г н” жћ» Џб«ће ќ«—ћ «бЏ—«ё .,гѕн—н… «б’Ќ… 
"ёѕг гћгжЏ… гд «е«бн гдЎё… «б‘ж—ћ… ( ћдб«же) Ўб»«"" г—я“ ’Ќн Џбм «бёЎЏ… «б«—÷ «бг—ёге 1932/32 гё«ЎЏ… 53 Ён «бгдЎё… «бг–яж—е .",гѕн—н… «б’Ќ… 
"Ўбн«"" ’ж—… ‘яжм бЁнЁ гд ”яд… гдЎё…  »е ќбЁ гЌЎ…  Џ»∆…  »е ё—» Ёбя… «ќж«д Џѕг «н’«б «б н«— «бяе—»«∆н «бм («бгё»—…) «бгжћжѕе Ён «бгдЎё… бџ—÷ «д«— е« бнб« гЏ «” »ѕ«б «бг’«»нЌ «бёѕнге »«ќ—м ЌѕнЋе яжд »Џ÷ е–е «бг’«»нЌ б« Џгб жнѕЏжд »«де  г г—«ћЏ ег бгѕн—н яг Џ",гѕн—н… «бяе—»«Ѕ
Ќжб  д”н» «бѕ—ћ… «”г«ƒег «ѕд«е «бгжўЁнд «бгƒё нд Џбм гн“«дн… г‘«—нЏ  дгн… «б«ё«бнг («бг—«ё»… ж«б«‘—«Ё) Ён ѕ«∆—… я« » Џѕб я—яжя /«бЋ«дн… «бм «бѕж«∆— «бгƒ‘—… «“«Ѕ «”г яб гдег . ( ћ—«_ ге«»«ѕ_ —ж“я«—),ѕнж«д «бгЌ«Ёў… 
ёѕг «е«бн гдЎё… »дће Џбн Џдег «бгж«Ўд ( Џбн Ќ”д гЌгѕ ) Ќжб Ќ«ћ… «бгдЎё… «бм «б »бнЎ .,»бѕн… 
Ўб» «бгж«Ўд ( еж‘н«— »я— Џ“н“ ) «бгжўЁ гѕн—н… »бѕн… я—яжя н—жг Ён  ќ’н’ ёЎЏ… «—÷ ”ядн… Ён ѕ«ёжё .,»бѕн… 
"д‘н—яг «бм я «» гѕн—н…  ж“нЏ яе—»«Ѕ я—яжя «бг—ёг (3511 Ён 2013/5/9 ) ж«бг—Ёё Ўн«"" д”ќе где .",гѕн—н… «бяе—»«Ѕ
"д—Ёё бяг Ўн«"" «” г«—е «г— «бџн«— «бќ«’ б ће“ я—Ё«д ё”г ‘ƒжд «бгж«Ўднд .",ѕнж«д «бгЌ«Ёў… 
"Ўн«"" ’ж—… Ўб» «е«бн гдЎё… «“«ѕн «бћѕнѕе /»«—жѕ ќ«де Џдег «бгж«Ўд ( нжд” Џбн Ќ»н» ) «Ё ё«— гдЎё ег «бм ќѕг«   »бнЎ «б‘ж«—Џ жгѕ ‘»я… гћ«—н .",»бѕн… 
Ќжб «бё«Ѕ гЌ«÷—… Џд «бгЁ«енг «б«”«”н… бб«г—я“н… ж«’д«Ёе« ж Ў»нё« е« жЁё «бѕ” ж— ж«бёж«днд «бд«Ё–… ж ‘ќн’ «бгЏжё«  «б н  Џ —÷ Џд гг«—” е« ж ёѕг «Ё÷б «бќѕг«  ббгж«Ўднд жЁн я«Ё… «бгћ«б«  ж«бгж«Ёё .,ѕнж«д «бгЌ«Ёў… 
«бгж«Ўд ( гЌгжѕ Џбн —‘нѕ ) Џд «б ћ«ж“ «бЌ«’б Џбм «бёЎЏ… «бг—ёг… 208/64 г 53 ќ«’…  нг«—н .,»бѕн… 
"ёѕг  «бгж«Ўде ( де«н  д«гё Џ»ѕ «ббе ) гЏ«жд… Ў»н»… Ён —∆«”… ’Ќ… я—яжя Ўб»«"" б Џжн÷е« Џд »н е« ( «б ћ«ж“) «бг‘нѕ Ён гдЎё… Ёбя… «ќж«д Џбм «Ў—«Ё «бќ«’… ж«б–н  г еѕг… гд ё»б «ббћд… «бгќ ’… 00 бў—жЁе« «бг«ѕн… «б÷ЏнЁ… жяжде«  ”яд »«б«нћ«— ж“жће« г’«» »г—÷ «б”—Ў",гѕн—н… «б’Ќ… 
»«ћ—«Ѕ «бЁЌ’ Џбм «бг—н÷ ( гЌгѕ ”«б«— гЌгѕ ) жгЏ«бћ е Ён Ќ«б… жћжѕ Џб«ћ бѕняг «г н” жћ» Џб«ће ќ«—ћ «бЏ—«ё .,гѕн—н… «б’Ќ… 
’ж—… Ўб» «бгж«Ўд «бг—н÷ ( Џ»ѕ «бќ«бё «Ќгѕ ё«ѕ— ) ЌнЋ д”» «б”нѕ «бгЌ«Ёў ( «б”нѕ гѕн— «б’Ќ… «бдў— Ён гЏ«бћ е ),гѕн—н… «б’Ќ… 
»«ћ—«Ѕ «бЁЌ’ Џбм «бг—н÷е ( —«“«ж ”бнг ќж—‘нѕ ) жгЏ«бћ е« Ён Ќ«б… жћжѕ Џб«ћ бѕняг «г н” жћ» Џб«ће« ќ«—ћ «бЏ—«ё б«—”«бе« «бм «ббћд… «бЎ»не «бг—я“н… .,гѕн—н… «б’Ќ… 
"ёѕг «бгж«Ўд ( ”Џѕ «»—«енг Ќ”нд ) Ўб»«"" бџ—÷  “жнѕе »»Ў«ё… ”яд бяжд… гд «б”«яднд «бЌжнћ… ЌнЋ  г гЁ Ќ… бћд… «бг«ѕ… 140 »е–« «б’ѕѕ ж«Џбг д« »гжћ» я «»е« «бг—ёг 2039 Ён 2013/5/22 »«д «бгжг«бне ёѕ «Џнѕе ёнѕ дЁж”… «бм я—яжя бяжде џн— г‘гжб »«г н«“«  «бг«ѕ… 140.",ѕнж«д «бгЌ«Ёў… 
"ёѕг «бгж«Ўд «бг—н÷ ( ‘я—н гЌгжѕ Ќ”нд ) Ўб»«"" Ќжб «’«» е »г—÷ «б”—Ў«д жЌ«ћ е «бм «ћ—«Ѕ Џгбн… ћ—«Ќн… б«” «’«б «бж—г ќ«—ћ «бжЎд (ћгеж—н… г’— «бЏ—»н… ) жгЏ«гб… «ћ—«Ѕ«  ”Ё—е «бм «бќ«—ћ бѕм ѕ«∆— яг Ён ”н— «б«ћ—«Ѕ«  .",гѕн—н… «б’Ќ… 
’ж—… Ўб» бЁнЁ гд «е«бн Ќн —Ќнг «же ё—» ћ«гЏ —жд«ян ќбЁ д«ѕн ќ«я Џдег «бгж«Ўд ( дћг «бѕнд Џ»нѕ гжбжѕ ) гѕ ‘»я… гћ«—н »г”«Ё… (100) г «”ж… »«бЁ—жЏ «бгћ«ж—е ж«бгЌнЎе »«бгдЎё… .,гѕн—н… «бгћ«—н
ёѕг гћгжЏ… гд «бгж«Ўднд гд «е«бн гЌб… «г«г ё«”г гё«»б «бќ«’… ‘яжм Ќжб гЏ«д« ег гд «д»Џ«Ћ «б—ж«∆Ќ «бя—нее ж«д ‘«— «бЌ‘—«  ж«бћ—–«д Ён гдЎё ег »”»» «” џб«б »Џ÷ «бд«” ббёЎЏ «б«—«÷н «бж«ёЏ… .,»бѕн… 
гд ќб«б »—д«гћ »н«дн я—яжя  г Ў—Ќ гё —Ќ «гя«дн… «д‘«Ѕ ћ”— Ќѕнѕн ё—» г” ‘Ём я—яжя «бЏ«г Ён гдЎё… —«” «бћ”— »е–« «бг÷гжд ж г  «б«ћ«»… »«бя «» «бг—ёг 7138 Ён 2013/4/30 »«д «бг‘—жЏ «Ќнб жёѕ  г  Ќжнбе гд ё»б гћб” «бгЌ«Ёў… «бм гжёЏ «ќ—00,гѕн—н… «б’Ќ… 
Ќжб ‘яжм «бгж«Ўд ( ”«бг Ќгнѕ ќ«бѕ ) гќ «— ё—н… «б«ж»н — «б «»Џ… «бм д«Ќн яг  г гЁ« Ќ… ѕ«∆—… «б’Ќ… ж«б»н∆… »гжћ» я «»д« «бг—ёг 608Ён 2013/5/2 »’ѕѕ «бгж÷жЏ ЌнЋ «ћ«» д« «б»н∆… »я «»е« «бг—ёг 1445 Ён 2013/5/20.,гѕн—н… «б’Ќ… 
ёѕг «бгж«Ўд ( ё«ѕ— гЌгѕ я—нг ) Ќжб «бд“«Џ«  «бЌ«’б… »нд ё—н… /ёе —е жн” «б «»Џ… бд«Ќн яг жё—н… / гжЁ— «б «»Џ… бё÷«Ѕ ћг ћг«б Џбм «б«—÷н «б“—«Џн… «бж«ёЏ… »гЌ«–«… ё—н… гжЁ— .,гѕн—н… «б“—«Џ…
‘яжм бЁнЁ гд «е«бн гдЎё… «бќ«’… ќбЁ гѕ—”… «бЌ—н… жЌ’—«  Ќ  ћ”— «бжб«ѕе Ќжб  —«яг «б«ж”«ќ ж«бдЁ«н«  Ён «бгдЎёе 00гЏ Џѕг ж’жб «б”н«—«  «бгќ ’е  бе–« «бџ—÷ яг« д‘н—яг «бм я «»д« «бг—ёг ( 189 Ён 2013/3/11.,»бѕн… 
"гћгжЏ… гд «е«бн гдЎё… ‘ж—«жќбЁ гѕ—”… (Ёндя) Џдег ( ќж—‘нѕ гЌгѕ ) Ўб»"" Ќжб Џѕг «н’«б «б н«— «бяе—»«∆н «бм гдЎё ег »«б—џг гд г—«ћЏ« ег «бм ѕ«∆— яг жбяд »ѕжд ћѕжм .",гѕн—н… «бяе—»«Ѕ
«бгж«Ўднд «б”«яднд Ён «б«Ќн«Ѕ ( «б»ЏЋ ж«бёѕ” ж«ћ—«Ѕ гд гдЎё… Џѕд) гЁ«ѕе« «дёЎ«Џ «б н«— «бяе—»«∆н Ён  бя «б«Ќн«Ѕ «бг–яж—… жгд– Џѕ… «н«г жнб г”жд Ён гЏ«бћ…  бя «бг‘яб… »«”—Џ жё  ггяд .,гѕн—н… «бяе—»«Ѕ
‘яжм «бгж«Ўд ( Ќ”д Џ»ѕ «ббе ”бнг«д ) гѕЏн« Ёне«  ‘ѕѕяг Ён  Џгбн… ЁЌ’ жЁ—“ «бЌ»ж» жнгн“жд »нд ‘ќ’ ж«ќ— жёѕ «нѕ  ‘Џ»… «б“—«Џ… Ён «бЌжнћ… е–е «бЌ«б… »я «»е« «бг—ёг 8381 Ён 2013/5/26,гѕн—н… «б“—«Џ…
»«ћ—«Ѕ «бЁЌ’ Џбм «бг—н÷е ( г—нг н‘«— гЌгѕ “ян ) жгЏ«бћ е« Ён Ќ«б… жћжѕ Џб«ћ бѕняг «г н” жћ» Џб«ће« ќ«—ћ «бЏ—«ё .,гѕн—н… «б’Ќ… 
‘яжм «е«бн гдЎё… Ќн «бЌ—не »ќ’ж’ гЏ«бће «бж«ѕн «бгжћжѕ Ён «бгдЎёе ж«б–н «’»Ќ гя«д б ћгЏЏ «бгн«е «б«”де ж«бдЁ«н«  жг’ѕ— «б«г—«÷ ж«б—ж«∆Ќ «бя—нее,»бѕн… 
ёѕг «бнд« Џѕѕ «бгж«Ўднд гд ”яд… ё÷«Ѕ ѕ«ёжё гдег( я«г—«д / ћг«б/”ж—«д/‘г”/«—«г/ё«»нб) Ўб» Ќжб  ќ’н’ ёЎЏ «—«÷н ”ядне бег Ён ё÷«Ѕ ѕ«ёжё ÷гд «б«г н«“«  «бгё——е ббг‘гжбнд »«бг«ѕе (140) яждег гд «бг—Ќбнд гд ё»б «бдў«г «б”«»ё Џбг«р ёѕ  г Ќ’жбег Џбм »ён… «б«г н«“,»бѕн… 
Ўб» «е«бн гдЎёе ‘ж—«ж «бё«ЎЏ  / 2 ё—» г” ж’Ё гдег «бгж«Ўд («»—«енг Џ»ѕ«б—Ќгд —Ќнг) Ќжб  «Ё ё«— гдЎё ег (ќѕг«  «б дўнЁ / «н’«б г«Ѕ / гѕ‘»я… гћ«—н / «н’«б  н«— «бяе—»«Ѕ),ѕнж«д «бгЌ«Ёў… 
ёѕг «бнд« «е«бн Ќн «б«”—м ж«бгЁёжѕнд «бЋ«дне Џдег «бгж«Ўд («Ќгѕ Ќ»н» √гнд) Ќжб «д‘«Ѕ гћ«—н Ён «бЌн «бг–яж—,гѕн—н… «бгћ«—н
гЏ«бћ… «бг—н÷е («не гЌгѕ Џ«ѕб Џг—) Ён Ќ«б… жћжѕ Џб«ћ бѕняг «г н” жћ» Џб«ће« ќ«—ћ «бЏ—«ё,гѕн—н… «б’Ќ… 
«бгж«Ўд ( —Ќг… «ббе Ў«е— —Ќг… «ббе ) н—жг Ён г”«Џѕ е ж “жнѕе »ће«“ «б дЁ” /Ќћг ’џ— 00 бяжде г—н÷ г’«» »«Џ б«б «бЏ÷б«  «бжб«ѕн «бгƒЋ— Џбм «б«Ў—«Ё «б«—»Џ… ж»ѕ—ће Џћ“ 100% жбў—Ё… «бг«ѕн… «б’Џ»… жЏѕг «гя«дн е «бг«ѕн… б‘—«Ѕ –бя «бће«“ .,гѕн—н… «б’Ќ… 
‘яжм гд «бгж«Ўд ( ’б«Ќ е«ѕн гдн— )Ќжб Џѕг «б “«г яб гд ( Џг«ѕ Џ»ѕ «ббе Џ»ѕ Ќг«ѕ… жгёѕ«ѕ Џ»ѕ «ббе Џ»ѕ Ќг«ѕ… ) «бЌ—«” «бгЏднд »’Ё… гƒё е ÷гд г‘«—нЏ  дгн… «б«ё«бнг ( «бг—«ё»… ж«б«‘—Ё ) »«бѕж«г «б—”гн Ён »бѕн… «бЏ»«”н жЏѕг « ќ«– «б«ћ—«Ѕ«  «бб«“г… »Ќёег .,ѕнж«д «бгЌ«Ёў… 
Ќжб «дёЎ«Џ «б”нѕ… ( «ѕ»н… џ«б» дћг «бѕнд ) «бгжўЁ… «бгƒё … ÷гд г‘«—нЏ  дгн… «б«ё«бнг ( «бг—«ё»… ж«б«‘—«Ё ) Џд «бѕж«г «б—”гн ж«Џ »«—« гд  «—нќ 2013/5/2,ѕнж«д «бгЌ«Ёў… 
гћгжЏ… гж«Ўднд гд ‘«џбн гЌб«  «бёѕ”н… «б«жбм Ў—нё бнб«д «б «»Џ… «бм гѕн—н… »бѕн… я—яжя Ўб»« Ќжб «Џ —«÷ег Џбм г»«бџ «б«нћ«— «б н  г  Ќѕнѕе« гд ё»б «ббћд… Џдѕ  ћѕнѕ Џёжѕег бЋб«  ”дж«  «ќ—м бЏѕг  д«”» е–е «б«ћж— жгж«ёЏ ж«г н«“«   бя «бгЌб«  жбяжд «џб» «бг” «,»бѕн… 
‘яжм «е«бн ж«Ќѕ Ќ“н—«д жЌ’—« ”яд… «б‘«—Џ(157/51) Џдег «бгж«Ўд (гЌгѕ  —ян Џбн) Ќжб ён«г «бгё«жб «бгябЁ » »бнЎ ‘ж«—Џ «бгдЎёе »Џгб «— Ё«Џ «б—’нЁ «Џбм гд «бд”»е «бгё——е »г« н”»» »Џѕг ќ—жћ «бгн«е гд «бѕж— жнЎ«б»жд »гЏ«бћ… –бя,»бѕн… 
н‘яж «е«бн гдЎё… »«—жѕ ќ«де гё«»б «”ж«ё нж”Ё гд ‘Ќ… гн«е «б‘—» Ён «бгдЎё… .,гѕн—н… «бг«Ѕ
ёѕг гћгжЏ… гд «бгж«Ўднд гд «е«бн гдЎё… ‘ж«—ж «бЏ’—н… гё«»б ё«Џ… б«нЁ ” н »ћ«д» ћ«гЏ ”бЎ«де Џдег( ѕ«д«  Ќ”нд Ќ”нд )Ќжб жћжѕ бџ”б «б”н«—«  ж”Ў «бѕж— нёжг »«” Џг«б г«Ѕ «б«”«б… гд «б«д»ж» «б—∆н”н гг« нƒѕн «бм ёб… гн«е «б‘—» бб«е«бн жгЏгб б’» «б‘ «ня— «н÷« н ћ,гѕн—н… «бг«Ѕ
»«ћ—«Ѕ «бЁЌ’ Џбм «бг—н÷е ( ’»«Ќ ѕ«жѕ ”бнг«д ) жгЏ«бћ е Ён Ќ«б… жћжѕ Џб«ћ бѕняг «г н” жћ» Џб«ће ќ«—ћ «бЏ—«ё б«—”«бе «бм «ббћде «бЎ»не «бг—я“не.,гѕн—н… «б’Ќ… 
Ўб» «е«бн ё—н… ( Џбн ”бЎ«д )ж«бё—м «бё—н»е где« ж«б «»Џ… бд«Ќн… «б—н«÷ Џдег «бгж«Ўд ( Џ»ѕ «ббе д«ен Ќгнѕ) Ќћ… «бё—м «бгѕ—ће «ѕд«е «бм »д«Ѕ г” ж’Ё«  Ёне« б «гнд «бќѕг«  «б’Ќне б«е«бн е–е «бё—м .,гѕн—н… «б’Ќ… 
’ж—… Ўб» «бгж«Ўде ( дћн»е Џ“н“ Џ«—Ё )  ÷——ѕ«—е« «бя«∆д Ён ( —Ќнг «же ) д нћ… «дЁћ«— ”н«—е гбџге »«бё—» гд гё— «б« Ќ«ѕ «бжЎдн «бяж—ѕ” «дн .,ѕнж«д «бгЌ«Ёў… 
ёѕг «бгж«Ўд ( ќбнб Џг— ’«ѕё) гд ”яд… ё÷«Ѕ «бѕ»” д«Ќн… ”—я—«д ‘яжм ÷ѕ «бгж«Ўд ( гЌгѕ н«”нд ) Ќжб Џ«∆ѕн… «бёЎЏ… «б“—«Џн… «бггджЌе бе Џ«г (2003) .,гѕн—н… «б“—«Џ…
"ёѕг «бЁнЁ гд «е«бн Ќн «бж«”Ўн / «б «ќн Џдег «бгж«Ўд (гЌгѕ “нд «бЏ«»ѕнд ) «бдў— Ён «гя«дн… «д‘«Ѕ г д“е ’џн— Ён «бЌн Џбм «бёЎЏе «бг—ёге (30131/393 г 39 )  ”Џнд ж«бЏ«∆ѕ… гбян е« «бм гѕн—н яг ж–бя б«Ё ё«— «бгдЎё… «бм Ќѕнёе «ж г—Ёё  —Ёё  —Ёнен жд—«Ёё Ўн«""",»бѕн… 
Ќжб «б‘яжм «бгд‘ж—… Ён ћ—нѕе «бгѕм »Џѕѕе« 2794 Ён 2013/5/12 («дёЎ«Џ «бяе—»«Ѕ гд– Џѕ… «н«г 1_  г гЁ« Ќ… гѕн—н…  ж“нЏ яе—»«Ѕ я—яжя я «»д« «бг—ёг 760 Ён 2013/5/28 бгЏ«бћ… «бгж÷жЏ «ћ«» д« »я «»е« «бг—ёг 4956 Ён 2013/6/5 (2)  г гЁ« Ќ… —∆«”… гћб” гЌ«Ёў… я—яжя г,гѕн—н… «бяе—»«Ѕ
Ўб» «е«бн гдЎё… «”я«д гё«»б гѕ—”… ѕе —ж«“е «б«» ѕ«∆н… Џдег «бгж«Ўд ( Џбн ќбнб Џбн ) ж÷Џ гЎ»«  «’Ўд«Џн… Џбм «б‘ж«—Џ «б—∆н”не Ён «бгдЎё… ж–бя ббЌѕ гд ”—Џ… «б”н«—«  «бг«—е жќ’ж’« гд «г«г «бгѕ—”е «Џб«е .,»бѕн… 
Ќжб ‘яжм «бгж«Ўд ( д’н— д«ўг гЌгѕ ) ж»’ѕѕе джѕ «Џб«гяг »«де »Џѕ «б Ќёё гд «бгж÷жЏ бжЌў »«д «бгедѕ” ( «Ќгѕ Џбн гЌгѕ ) я«д нЏгб ÷гд Џёжѕ «б» —жѕжб«— Ён «бё”г «бЁдм Ён гѕн—н… д«Ќн… «бЏ»«”н .,ѕнж«д «бгЌ«Ёў… 
»«бдў— бЌ«ћ д« «бм ќѕг«  «бгѕ—ћ… «”г«ƒег «ѕд«е «бгж«ўЁнд «бгƒё нд ÷гд гн“«дн…  дгн… «б«ё«бнг («бг—«ё»… ж«б«‘—«Ё) .бнбм -«нЁ«д - Ён«д-“нд»- е«ж—н - ћгЏе .,ѕнж«д «бгЌ«Ёў… 
ёѕг бЁнЁ гд «е«бн Ќн «бд’— /«б«жбм Џдег «бгж«Ўде ( “е—е Ќ”нд “ндб ) ‘яжм  ÷гд  «я”«Ѕ ж »бнЎ я«Ё… «бЁ—жЏ «бгжћжѕ… Ён «бЌн »«” Ћд«Ѕ Ё—Џег «б–н «’»Ќ »”»» Џѕг  »бнЎе гя«д б ћгЏ «бгн«е «б«”де ж«б«ж”«ќ «г«г «бѕж— .,»бѕн… 
ёѕг «е«бн Ќн «б«”—м ж«бгЁёжѕнд жЌ’—« «б”«яднд »«бё—» гд гбЏ» «бя—е «бќг«”н Џдег «бгж«Ўд (г’ЎЁн ћЏЁ— ) ‘яжм  ÷гд  «”»«» «” Ћд«Ѕ ‘ж«—Џ «бѕ«ќбн… ббЌн гд «б«я”«Ѕ ж«б »бнЎ «”ж… »‘ж«—Џ «б«Ќн«Ѕ «б«ќ—м .,»бѕн… 
ёѕг бЁнЁ гд «е«бн гдЎё… «г«г ё«”г »«бё—» гд де— «бќ«’… ќбЁ ё«Џ… «бгд«”»«  (е«н б«нЁ) Џдег «бгж«Ўд (Џбн —г÷«д «»—«енг ) ‘яжм Ќжб ÷ЏЁ ‘»я… «бяе—»«Ѕ «бж«’бе «бм гдЎё ег «б«г— «б–н «ѕм «бм Ќ—ё ж ЏЎнб «б«ће“… «бяе—»«∆не Ён гд«“бег жнѕЏжд »«дег ёѕгж« «яЋ— гд Ўб,гѕн—н… «бяе—»«Ѕ
"ёѕг гћгжЏ… гд «е«бн гдЎё… »—н«ѕн гё«»б г” ‘Ём «б«”я«д »«бё—» гд г—я“ «б‘»«» Џдег «бгж«Ўд ( Ў«—ё гЌгѕ «гнд ) Ўб»«"" н—жгжд Ён  ёѕнг ќѕг«  «б »бнЎ бб«Ё—Џ Ён гдЎё ег .",»бѕн… 
гЏ«бћ… «бг—н÷е (д«“ Џбн «Ќгѕ)  Ён Ќ«б… Џб«ћ бѕняг «г н” жћ» Џб«ће« ќ«—ћ «бёЎ—,гѕн—н… «б’Ќ… 
 гЏ«бћ… г—н÷ (нЌм Ў«—ё Џ“ «бѕнд)Џб«ће «г н” жћ» Џб«ће ќ«—ћ «бёЎ—,гѕн—н… «б’Ќ… 
гЏ«бћ… «бг—н÷ (ћгЏе Ќгнѕ —‘нѕ) Џб«ће бѕняг «г н” жћ» Џб«ће ќ«—ћ «бёЎ—,гѕн—н… «б’Ќ… 
‘яжбм Ќжб ÷ЏЁ «б н«—«бяе—»«∆н Ён «бгдЎёе Ў—нё »џѕ«ѕ »”» яЋ—… «бгЌб«  «б ћ«—н… «бя«∆де Џбм «б‘«—Џ «бЏ«г «б–н  жѕн «бм  Ќгнб “«∆ѕ Џбм «бгЌжб… «бяе—»«∆не «б н  џѕн «бгдЎёе,гѕн—н… «бяе—»«Ѕ
 “жнѕ »гж«ёЏ ж«Џѕ«ѕ  ћгЏ«  «бџћ— Ён я—яжя «д жћѕ ,ѕнж«д «бгЌ«Ёў… 
‘яжм «бгж«Ўд ( —ƒжЁ —‘нѕ Џ“н“)  б«” б«Ѕ Џбм «гб«я ѕж—ег «бж«ёЏе Ён «б‘ж—ће,ѕнж«д «бгЌ«Ёў… 
‘яжм «бгж«Ўд гд гд ”»н гЏгб Ў«»жё я—яжя гд «б–нд  г «Џ«ѕ ег «бм «бжўнЁе ягЁ’жбнд ”н«”нд «бм гЏгб Ў«»жё ѕн«бн Ён «бќ«б’ бяжде «бгЏгб «б«ё—» «бм гЌ«ЁЎ д«,ѕнж«д «бгЌ«Ёў… 
б«ћ—«Ѕ «бЁЌ’ «бг—н÷ ( еб»«ћ Џ»ѕ «бя—нг Ќ”д ) жгЏ«бћ е Ён Ќ«б… жћжѕ Џб«ћ бѕняг «г н” жћ» Џб«ћ ќ«—ћ «бЏ—«ё .,гѕн—н… «б’Ќ… 
б«ћ—«Ѕ «бЁЌ’ Џбм «бг—н÷ ( «Ќгѕ Џ»ѕ «ббе н«ѕя«— ) жгЏ«бћ е Ён Ќ«б… жћжѕ Џб«ћ бѕняг «г н” жћ» Џб«ће ќ«—ће «бЏ—«ё .,гѕн—н… «б’Ќ… 
б«ћ—«Ѕ «бЁЌ’ Џбм «бг—н÷ (ќбнб гЌгѕ гЎбя ’«бЌ ) жгЏ«бћ е Ён Ќ«б… жћжѕ Џб«ћ бѕняг «г н” жћ» Џб«ће ќ«—ћ «бЏ—«ё .,гѕн—н… «б’Ќ… 
гЏ«бћ… «бг—н÷ (Џг«ѕ —Ќг«д Џ»ѕ«бя—нг) Ён Ќ«б… жћжѕ Џб«ћ бѕняг «г н” жћ» Џб«Ќе ќ«—ћ «бёЎ—,гѕн—н… «б’Ќ… 
гЏ«бћ… «бг—н÷(Џбн нЌнм ”Џнѕ)  Ён Ќ«б… жћжѕ Џб«ћ бѕняг «г н” жћ» Џб«ће ќ«—ћ «бёЎ—,гѕн—н… «б’Ќ… 
гЏ«бћ… «бг—н÷ (Џ»ѕ«бя—нг џ“«н ћб«б) Ён Ќ«б… жћжѕ Џб«ћ бѕняг «г н” жћ» Џб«ће ќ«—ћ «бёЎ—,гѕн—н… «б’Ќ… 
Ўб» «е«бн ё—н… «бг»ѕѕ «б «»Џе бд«Ќн… «б—‘«ѕ Џдег «бгќ «— (Џ«г—  ‘Џ»«д џ«∆») Ќжб «Ё ё«— ё—н ег «бм ќѕг«  (  »бнЎ / «”«бе г«Ѕ / »д«Ѕ гѕ«—” / »д«Ѕ г” ж’Ё),ѕнж«д «бгЌ«Ёў… 
‘яжм «е«бн гд ”яде гдЎё… я«ж—»«џн ќбЁ ѕ«∆—… џ«“ «б‘г«б Џдег «бгж«Ўд ( Џ’«г д’—  Џ»ѕ) бќѕг«  (1)«н’«б «бг«Ѕ «б’«Ён (2) гѕ ‘»я… гћ«—н (3) »д«Ѕ г” ‘Ём ’Ќн (4)д’» гжбѕе яе—»«∆не бџ—÷ ”ѕ Ќ«ћ… «бж«Ўднд гд «бяе—»«Ѕ Џ»ѕ «дёЎ«Џ «бяе—»«Ѕ «бжЎдне .,ѕнж«д «бгЌ«Ёў… 
Ќжб «гя«дн…  ќ’н’ ёЎЏ… «—÷ ÷гд «бёЎЏе (1932/32 г53 ) ж»г”«Ќ… (2400 г2 ) б«д‘«Ѕ «бг—я“ «б’Ќн .,»бѕн… 
"ёѕг  ( »нг«д «я—г Ќ”нд ) ж«бѕ… «бЎЁб ( «ѕг ћб«б ) Ўб»«"" «»ѕ«Ѕ «бг”«Џѕе бе ж«—”«бе ббЏб«ћ «бм ќ«—ћ «бЏ—«ё ж–бя бяжде нЏ«дн гд г—÷ (гжЁбн«) .",гѕн—н… «б’Ќ… 
"»«‘— «бгжўЁнд «бгƒё нд ÷гд г‘«—нЏ  дгн… ( «б«‘—Ё ж«бг—ё»… ) «бгѕ—ћ… «”г«ƒег «ѕд«е Ён ё”гд« ж«Џ »«—«"" гд  «—нќ 2013/7/1 ё ў бнбм - «нЁ«д- Ён«д- ћгЏ…- е«ж—н- “дн»",ѕнж«д «бгЌ«Ёў… 
ёѕг бЁнЁ гд «е«бн гдЎё… (—Ќнг «же ) ѕж— «б‘—я… гЌбе(407/93) Џдег «бгжЎд ( «“«ѕ гЌгѕ «Ќгѕ )Ќжб Ќ«ћ… «бгдЎё… «бм «н’«б «бг«Ѕ «б’«бЌ бб‘—» жгѕ ‘»я… гћ«—н жя–бя  »бнЎ «б‘ж«—Џ .,ѕнж«д «бгЌ«Ёў… 
жг—Ёё… Ўб» Џ«∆б… «б‘енѕ «бдён» ( Џбн Ќ”д гЌгѕ Џн” ) ж«б–н «” ‘еѕ «Ћ— Џгб «—е«»н «г«г ѕ«—е «бм г—я“ гЌ«Ёў… я—яжя »”»» «бў—жЁ «б«гдне «б—«еде .,ѕнж«д «бгЌ«Ёў… 
ёѕг «бгж«Ўд ( янб«д ё«ѕ— я—нг ) гд ”яд… я—яжя Ќн «бд’— жћжѕ ёЎЏ… «—÷ ”ядне  Џжѕ гбян е« бгѕн—н яг »«бё—» гд ѕ«—е ж«б н «’»Ќ  гя«д б—гн «б«ж”«ќ ж«бдЁ«н«  Ён ж б«Ён« бЌѕжЋ г‘«яб гЏ «е«бн «бгдЎёе н—жг  ”нће« Џбм дЁё е «бќ«’… .,»бѕн… 
ёѕг бЁнЁ гд «е«бн гдЎё… (Ќн я—ѕ” «д ) «бЁнбё Џдег ( ЏЎ«— ’«»— гЌгѕ ) Џѕг  ягб…  »бнЎ «б‘«—Џ «б—∆н”н Ён «бгдЎё… жЌ’— ‘«—Џ ( —ж÷е д«”я жќ“«д «бг«Ѕ «бя»н— ),»бѕн… 
гЏ«бћ… «бг—н÷ (ћ»«— Џг— —‘нѕ) Ён Ќ«б… жћжѕ Џб«ћ бѕняг «г н” жћ» Џб«ће ќ«—ћ «бёЎ—,гѕн—н… «б’Ќ… 
гЏ«бћ… «бг—н÷нд ( гЌгѕ жд”—нд Џ«ѕб ё«ѕ—)  Ён Ќ«б… жћжѕ Џб«ћ бѕняг «г н” жћ» Џб«ћег« ќ«—ћ «бЏ—«ё,гѕн—н… «б’Ќ… 
ёѕг «бгж«Ўд гд ”яд… ё—н… ‘ж—ћ… д«Ќн… ё—е Ќ”д ‘яжм Ќжб Џѕг «” б«г г»бџ «б Џжн÷ «бќ«’ »«бг—Ќбнд гд ё»б «бдў«г «б”«»ё »«б—џг гд ўе—ж «”ге Ён г—Ќбе 4 жћ»е 11 ж«” б«ге «б’я «бг—ёг(66884598) ж«б–н бг н г  ’—Ёе бЌѕ «б«д,ѕнж«д «бгЌ«Ёў… 
ёѕг «бгж«Ўд гд ”яде —Ќнг ¬же ё—» ћ«гЏ »—«н н Ё—Џ «б”«Ќе Џдег «бгж«Ўд (Ќ«“г «”Џѕ гЌгѕ)  Ќжб  »бнЎ «ж ’» «бЁ—Џ «бгжћжѕ »«бё—» гд «бћ«гЏ «Џб«е бяжде «’»Ќ џн— ’«бЌ бб”н—,»бѕн… 
ёѕг «бгж«Ўд ( Џ»ѕ«б—Ќгд гЌгѕ Ќ”д) гд ”яде ё—н… ‘ж—ће Ён д«Ќн яг ‘яжм Ќжб ён«г «бгѕЏж ( гЌгѕ ’«бЌ Џ»ѕ«бя—нг) »«б ћ«ж“ Џбм «—÷е ждн е ЌЁ— »∆— Ён «б«—÷ «бг–яж— ж«б»«бџ г”«Ќ е« 3 ѕждг,»бѕн… 
 ћен“ г‘—жЏ гЌЎе «б«ё’м гд г»«бџ «бЎж«—∆ бќЎ… Џ«г 2013 «жгд жЁж—«  «бг‘«—нЏ ÷гд ёЎ«Џ ÷гд ёЎ«Џ «бяе—»«Ѕ ж дЁн– жЁё  Џбнг«   дЁн– «бЏёжѕ «бЌяжгн… —ёг(1) б”де (2008),гѕн—н… «бяе—»«Ѕ
ёг «бгж«Ўд ( Ќ”д Ё«∆ё џ—н» ) Ўб»«р Ќжб «н’«б «б н«— «бяе—»«∆н «бм гдЎё ег «бж«ёЏ… Ён  ”Џнд «бёѕнг… ж«б н я«д  гд «б«—«÷н «б“—«Џне жёѕ «” гбя  гд ё»б «бдў«г «б”«»ё ж«Џнѕ  бег ЌѕнЋ« жё« ё«гж« »»д«Ѕ ѕж— ”ядне Џбне«,гѕн—н… «бяе—»«Ѕ
ёѕг гќ «— ё—н… «б”ж” (н«”нд Џ»ѕ ѕ«жѕ) «б «»Џе бд«Ќн…  «“е Ќ«ћ… «бё—не «бм »д«Ѕ г” ж’Ё ’Ќн жгѕ—”е г ж”Ўе ж »бнЎ «бЎ—нё ж’н«д… «бяе—»«Ѕ .,гѕн—н… «б’Ќ… 
"ЌнЋ «б”нѕ «бгЌ«Ёў »’—Ё г»бџ ёѕ— (000ж150) «бЁ ѕдн«— ббгж«Ўд ( гЌгѕ гЎбя ’«бЌ ќбнб ) жЎн«"" «’б «бгж«Ёёе .",ѕнж«д «бгЌ«Ёў… 
ёѕг «бгж«Ўд ( жѕЏн ‘я— гЌгжѕ ) Ќжб «Џ —«÷ «ббћд… «бгќ ’… Ён ѕ«∆— яг Џбм «д‘«Ѕ «бг—я“ «б’Ќн Џбм ёЎЏ… «б«—÷ «бг—ёг… 58/1 гё«ЎЏ… /11 «бя«∆д… Ён ё—н… «бќ« жд… «бЏбн« «б «»Џ… «бм д«Ќн… «б—н«÷ «бЏ«∆ѕ… ббгжг«бне .,гѕн—н… «б’Ќ… 
ёѕг бЁнЁ гд «е«бн гдЎё… »дће Џбн ё—» ћ«гЏ ( »—ж«ѕ«—«д ) жћ«гЏ ( «нг«д ) Џдег «бгж«Ўд ( ’»Ќн Џг— Џ“н“ ) Ќжб гЏ«д« ег гд Џѕг  »бнЎ «б‘ж«—Џ «бѕ«ќбне жя–бя Џѕг жћжѕ ‘»я… гћ«—н б ’—Ё «бгн«е Ён «бгдЎё… жнѕЏжд »«де  г г—«ћЏ яг бѕж«∆—яг,»бѕн… 
б«ћ—«Ѕ «бЁЌ’ Џбм «бг—н÷ ( Џѕд«д Ё «Ќ Ё—ћ ) жгЏ«бћ е Ён Ќ«б… жћжѕ Џб«ћ бѕняг «г н” жћ» Џб«ће ќ«—ћ «бЏ—«ё .,гѕн—н… «б’Ќ… 
ёѕг «е«бн Ќн Џѕд Ќ’—« «бгдЎёе «бж«ёЏе Џбм «г ѕ«ѕ «бћ”— «б—«»Џ »нд г”ћѕ нж”Ё «б’ѕнё жЏг«—… «б»Ќ—нд ‘яжм ÷ѕ «б«ћ—«Ѕ«  «б н  ёжг »е« гѕн—н яг Ќжб  џн— ћд” «бёЎЏе «бг—ёге (97/712г 53) ќ    ж«б н я«д  гќ’’е (яЌѕнёе «бЏ«ге),»бѕн… 
дё’ «бќѕг«  ж«б ћ«ж“«  «бЌ«’б… Ён д«Ќн… ‘ж«д жгћгЏ ќ«бќ«б«д  ж—ЁЏ  ё—н—  ‘янб бћде »—∆«”… «б”нѕ гѕн— д«Ќн… ‘ж«д жЏ÷жн… яб гд гѕн— »бѕн… ‘ж«д жё”г «б«гб«я,»бѕн… 
"ёѕг «бгж«Ўд ( г’ЎЁн «дж«— гЌгѕ ) Ўб»«"" «»ѕ«Ѕ «бг”«Џѕе бе ж«—”«бе ббЏб«ћ «бм ќ«—ћ «бЏ—«ё ж–бя бяжде нЏ«дн гд г—÷ «б”—Ў«д Ён «бдќ«Џ «б‘жян .",гѕн—н… «б’Ќ… 
"гћгжЏ… гд «е«бн ё—н… ( яжяће) «б «»Џ… бё÷«Ѕ «бг—я“ Ўб»«"" Ќжб ён«г гѕн—н яг » џн— г”«— «бќЎ «бд«ёб ббяе—»«Ѕ ж«бг“гЏ  дЁн–е ббё—н… «бм гд«Ўё »Џнѕе б« ќѕг «бг’бЌе «бЏ«г… ббЁб«Ќнд Ён «бё—н… ж–бя Ќ”»  жћне«  «бгедѕ”( џ«∆» ќбЁ ) .",гѕн—н… «бяе—»«Ѕ
гЏ«бћ… «бг—н÷(Џѕд«д нЌнм ћ«”г) Ён Ќ«б… жћжѕ Џб«ћ бѕняг «г н” жћ» Џб«ће ќ«—ћ «бёЎ—,гѕн—н… «бяе—»«Ѕ
Ўб» «бгж«Ўд(«»—«енг Ё«—жё Џ»ѕ«б—Ќгд) Ќжб «Ё ё«— гдЎё ег «бм «бг«Ѕ «б’«бЌ бб‘—» жя–бя  «бяе—»«Ѕ «бжЎдне,гѕн—н… «бг«Ѕ
ёѕг «бгж«Ўд гд «е«бн Ќн «бж«”Ўн ( ”«Ќ… «б«Ќ Ё«б« ) ќбЁ «”ж«ё “г“г гё«»б —ж÷… д»Џ «бћде Џдег «бгж«Ўд ( Џ»ѕ«б—“«ё ”бг«д) ‘яжм я”— «д»ж» «бг«Ѕ «бж«’б «бм гдЎё ег гд– «яЋ— гд (14) нжг«р,гѕн—н… «бг«Ѕ
ёѕг гж«Ўдн ”яд… Ќн «б«”—м ж«бгЁёжѕнд гЌбе 518 “ё«ё 72 Ќн «б“ж—«Ѕ ”«»ё«р гё«»б Ќн «б—‘нѕ Ўб»«р Ќжб гЏ«д« ег гд ёб… «бќѕг«  ж«Ё ё«— гдЎё ег «бм ‘»я… «бгћ«—н б ’—нЁ «бгн«е «б’Ќне «б«г— «б–н «ѕм «бм  —«яг «бгн«е «б«”де Ён «бЎ—ё«  жЏѕг  »бнЎ «б‘ж«—Џ ж«б«Ё—Џ Ён,гѕн—н… «бгћ«—н
ёѕг «е«бн Ќн —«»е —нд /2 гЌбе /333 “ё«ё /19 »«бё—» гд гѕн—н… г—ж— я—яжя Џдег «бгж«Ўд ( е«ѕн гЌгѕ гжбжѕ) Ўб»«р Ќжб Ќ«ћ… гдЎё ег «бм  »бнЎ «б‘ж«—Џ жгѕ ‘»я… гћ«—н,гѕн—н… «бгћ«—н
ёѕг бЁнЁ гд ”яд… «бгдЎё… «бё—»не гд ”нЎ—… «б”бнг«дн «бёѕнг… Џдег «бгж«Ўд (Ё« Ќ ’ѕнё  жЁнё ё«ѕ— ) Ќжб ‘Ќ… «бгн«е Ён гдЎё ег жнѕЏж… «ЏЎ«Ѕег «бг«Ѕ яб (4) «н«г жЁн «б”«Џ… («бЌ«ѕн Џ‘— ) бнб«жбгѕе( ”«Џ нд ) «÷«Ё… «бм яжде џн— ’«бЌ бб«” гЏ«б «б»‘—н… .,гѕн—н… «бг«Ѕ
гћгжЏ… гд «бгж«Ўднд гд ”яд… гдЎё… ‘ж—«ж Ќжб гЏ«д« ег гд ‘Ќ… «бг«Ѕ гд– Ќж«бм «б‘е— (Ќ”» «ѕЏ«∆ег ) »« б—џг гд яЋ—… г—«ћЏ« ег бѕ«∆— яг жёѕ  г «Џб«гд« »«д «бЏгб Ён «бг‘—жЏ Ён Ўж— «б«дћ«“ жбяд Џгбн…  ж“нЏ «бг«Ѕ б« Џ »— гд г”ƒжб ѕ«∆— яг .,гѕн—н… «бг«Ѕ
Ќжб гЏ«д«… «е«бн гћгЏ ќ«бќ«б«  /ё—е д«ж ж«б»«бџ Џѕѕ ѕж—ег «бЁнд ѕ«— гд Џѕг  ’Ён… «бгн«е «б’«бЌ… бб‘—» Ён «бгћгЏ »«б—џг гд —’ѕ «бг»«бџ бе–« «бгж÷жЏ .,гѕн—н… «бг«Ѕ
ёѕг бЁнЁ гд «е«бн гдЎё… ‘ж—«ж (—Ќнг «же) яе — н /7 Џдег «бгж«Ўд (”н—ж«д —‘нѕ гЌгѕ ) Ќжб Ќ«ћ… «бгдЎё… «бм «бќѕг«  (1)  »бнЎ «б‘ж«—Џ «б—∆н”н… ж«бЁ—Џн… (2) гѕ ‘»я… ббгћ«—н (бб’—Ё «б’Ќн ) (3)«н’«б «бгн«е «б’«бЌ… бб‘—» (4) «д‘«Ѕ гѕ—”…,ѕнж«д «бгЌ«Ёў… 
Ќжб Џѕг «б “«г «Џ÷«Ѕ «ббћд… «бя»н… «бгќ ’… Ён г” ‘Ё… я—яжя «бЏ«г »гжЏнѕ «б»ѕЅ »гЏ«нд… «б—÷м жяЋ—… ж«“ѕЌ«г «бг—«ћЏнд »”»» «б «ќн— ж ж«ћѕег бб«д ў«— »«бЏ—«Ѕ ж Ќ  «‘Џ… «б‘г” б«жё«  Ўжнб… (2) Ќжб Џѕг «б “«г «б«Џ÷«Ѕ »«бгж«Џнѕ ббгЏ«нд… »«б—џг гд «д ў«— «бг—÷ б«,гѕн—н… «б’Ќ… 
ёѕг гћгжЏ… гд «е«бн Ќн Џѕд гдЎё… ж«Ќѕ «–«— ён«г гѕн—н яг » ёЎнЏ «б”«Ќ… «бгжћжѕ… Ён гдЎё ег «бм «—»Џ ёЎЏ жен (461/1ж463/1ж464/1) бџ—÷  «ћн—е« Џд Ў—нё «бг“«нѕе «бЏбдн… .,»бѕн… 
ж—ѕ д« ‘яжм Џ»— «б»—нѕ «б«бя —ждн ёбе «бќѕг«  Ён Ќн «б«”—м ж«бгЁёжѕнд «бћее «бгё«»бе бЌн «бдѕ«Ѕ «бм «бќѕг«  ж —я «бгё«жб ббЏгб «бгяЁ гд– ”д нд .,ѕнж«д «бгЌ«Ёў… 
Ўб» «бгж«Ўде (ЁЎнг ќ÷— гЌгѕ ) Ќ«ћ е« «бм «ћ—«Ѕ Џгбн… ћ—«Ќн… .,гѕн—н… «б’Ќ… 
ёѕг  «бгж«Ўде (  я“«б Ё—нё ”Џнѕ) ж«б”«яде Ён Ќн ‘ёё «бЌ”нд гѕ—”е «б«ќ«Ѕ ж—ж÷е ”д«»б Ќжб  ќ’н’ ѕ«— ”ядне бЏ«∆б е« Џбг« «де«  ѕЏн »Џѕг «” б«г г»бџ «бќг”е гб«ннд  ж«бќ’’е ббгћ«ж“нд Џбм «б«гб«я «бЏ«ге .,»бѕн… 
ёѕг «бгж«Ўд ( »—е«д —‘нѕ Ќ”нд )  ќ’н’ ѕ«— ”ядне бе Ён гдЎё… ѕжгн“ .,»бѕн… 
Ќжб ў«е—…  —я ен«яб «б”н«—«  «бгЏЎб… «ж «бџн— ё«»б… бб’н«д… Ён «б«“ё… ж«б”«Ќ«  «б«г— «б–н нƒѕн «бм  Ќжбе« «бм Ќ«жн«  бћгЏ  «бдЁ«н«  ж«бёг«г… жеѕЁ гЌ гб гд «еѕ«Ё «бЏд«’— «б«—е«»н… бгг«—”… Џгбн« ег «б ќ—н»н… жќбё Џѕг «б«” ё—«— бѕм ”«ядн  бя «б«г«яд .,»бѕн… 
ёѕг  «бгж«Ўде ( ћне«д ё«ѕ— Џ»ѕ «ббе ) гд «е«бн Ќн «б«”я«д гё«»б «б«–«Џ… Ќжб жћжѕ «дя”«—«  ж ’ѕЏ«  Ён «д«»н» «бгћ«—н ж«бг«Ѕ гг« нƒѕн «бм «ќ б«Ў гн«е «б’—Ё «б’Ќн гЏ «бг«Ѕ «б’«бЌ бб‘—» .,гѕн—н… «бгћ«—н
ёѕг гћгжЏ… гд «бгж«Ўднд гд «е«бн гдЎё… Ќн «б—‘нѕ (ѕжгн“ ) Ќжб гЏ«д« ег гд «“г… ‘Ќ… «бг«Ѕ Ён  бя «бгдЎё… жгд– Џ«г 2011 ЌнЋ ед«я я”ж— Ён «б«д«»н» ж б«Џ» Ён Џгбн…  ж“нЏ «бг«Ѕ «бм «бѕж— гд ё»б «б«е«бн ж–бя »Ё Ќ «б«ёЁ«б «бм ће… ѕж— «б÷»«Ў жџбёе« гд «б«ќ—м гг« ,гѕн—н… «бг«Ѕ
ёѕг гћгжЏ… гд «е«бн  ”Џнд «бгдЎё… «бё—»н… гд «Џѕ«ѕн… «беѕм бб»д«  Ќжб жћжѕ ”«Ќ… г —жя… «г«г «бЁ—Џ «бќѕгн б‘«—Џ «бёѕ” «бё—»н… гд ћ«гЏ «б«»—«— гд «бггяд «” џб«бе« жћЏбе« Ќѕнё… Џ«г… «ж «н гд‘«… ќѕгн… »ѕб« гд яжде« »ƒ—… ббгќбЁ«  ж«б«ж”«ќ .,»бѕн… 
ёѕг гћгжЏ… гд «е«бн гЌб… «г«г ё«”г «б“ё«ё «бгћ«ж— бгѕ—”… “нжн… «б«» ѕ«∆н… «бгќ бЎ… Ќжб жћжѕ гдежб геѕжг жгд– «яЋ— гд ‘е—нд «б«г— «б–н «ѕм «бм «д”ѕ«ѕ «бгћ«—н ж ћгЏ «бгн«е «б«”д… ж«д»Џ«Ћ «б—ж«∆Ќ «бя—не… жгг« нƒѕн «бм «д ‘«— «бћ—«Ћнг ж«б«г—«÷ .,гѕн—н… «бгћ«—н
б«ћ—«Ѕ «бЁЌ’ Џбм «бг—н÷е ( ћд«д —‘нѕ Ќгнѕ ) жгЏ«бћ е« Ён Ќ«б… жћжѕ Џб«ћ бѕняг «г н” жћ» Џб«ће« ќ«—ћ «бЏ—«ё .,гѕн—н… «б’Ќ… 
ёѕг гћгжЏ… гд «е«бн гдЎё… ( ѕе—ж«“е ) Ў—нё «б”бнг«дн… Џдег (яж—«д  я«же я«яе б«ж ) Ќжб гЏ«д«… «б«е«бн гд ёб… «дёЎ«Џ г«Ѕ «б‘—» Ён гдЎё ег .,гѕн—н… «бг«Ѕ
Ќжб Ўб» дёб «бгж«Ўде («Ё«д Џ»ѕ «б—“«ё Џ»ѕ «ббе ) «бгжўЁ… «бгƒё е ÷гд г‘«—нЏ  дгн… «б«ё«бнг ( «б«‘—«Ё ж«бг—ё»… ) гд гѕн—н… »бѕн… я—яжя «бм ё«∆гё«гн… ё÷«Ѕ ѕ»” бяжде« гд ”яд… «бё÷«Ѕ .,ѕнж«д «бгЌ«Ёў… 
ёѕг гћгжЏ… гд «ебн гдЎё… ( гЋбЋ ‘ж—«ж ) ќбЁ ћ«гЏ «б”бЎ«д… Џдег ( гЌгѕ ћг«б «гнд ) Ќжб ( ‘Ќ… «бг«Ѕ «б’«бЌ бб‘—» жЏѕг жћжѕ гћ«—н бб’—Ё «б’Ќн ) Ён «бгдЎё… .,ѕнж«д «бгЌ«Ёў… 
Ќжб гЏ«д«е «бЁб«Ќнд гд жЏж—… «бЎ—нё «бж«’б гд «бё—н… ж»« ћ«е ё—н… я«—н“ ж’Џж»… «б дёб жќ’ж’« Џдѕ дёб «бгЌ«’б «б“—«Џн… дЌнб «бняг «бЎб» .,гѕн—н… «б“—«Џ…
ёѕг «е«бн ё—н… «бѕд«ѕн‘ «б «»Џ… бё÷«Ѕ «бЌжнћ… Џдег «бгж«Ўд ( гд’ж— ѕ—жн‘ Ќгнѕ) ‘яжм Ќжб Џѕг ён«гяг »«яг«б  »бнЎ «б‘«—Џ «б—«»Ў »нд ё—н ег ж«бё÷«Ѕ »«б—џг гд г—ж— «яЋ— гд ”де Џбм ѕ—ће ÷гд «бќЎе «б гнбне .,»бѕн… 
‘яжм «бгж«Ўд ( ѕб‘«ѕ «”г«Џнб я—нг ) »’ѕѕ ‘Ў» гд ёж«∆г «б”«яд… Ён »д«н… «б ћднѕ бџ—÷  Џжн÷е »«б—џг гд ”яде Ён  бя «б»д«н… гд– Џ«г 2003 (яг« ћ«Ѕ »«б‘яжм ) .,ѕнж«д «бгЌ«Ёў… 
ёѕг «е«бн Ќн «б«”—м ж«бгЁёжѕнд /ќбЁ ћ«гЏ «бЏѕб Џдег( «Ќгѕ Ќ»н» «гнд ) Ќжб гЏ«д« ег гд Џѕг «яг«б «бг‘«—нЏ «бќѕгн… Ён «бгдЎё… ж —яе« гд– «яЋ— гд ”д… жд’Ё гд ё»б «б‘—я… «бгдЁ–… ( Ќ”» г«ћ«Ѕ »Ўб»ег ) .,»бѕн… 
Ќжб  Џннд «б”нѕ ( Џг— Ў«б» ”бг«д дћг ) я»” «дн ÷гд г‘«—нЏ  дгн… «б«ё«бнг ( «б«‘—«Ё ж«бг—«ё»… ) Ён «бгя »… «бЁ—Џн… Ён д«Ќн… «б“«» .,ѕнж«д «бгЌ«Ёў… 
"Ўб»«"" б«е«бн гдЎё… (ѕе —ж«“е ) «бЁ—Џ «бж«ёЏ ќбЁ «бг” ж’Ё Ќжб Ќ«ћ ег «бм  »бнЎ Ё—Џег жд’» «Џгѕ… ббяе—»«Ѕ .",ѕнж«д «бгЌ«Ёў… 
"ёѕг «бнд« бЁнЁ гд «бгж«Ўднд гд «е«бн гдЎё… ‘ж—«ж «б«жбм .. Ўб»« "" Ќжб гЏ«д« ег гд ‘Ќ… г«Ѕ «б‘—» жгд– «яЋ— гд Ћб«Ћ… «‘е— .",гѕн—н… «бг«Ѕ
"ёѕг  «бнд« «бгж«Ўд… ( Ёѕжм Џ»ѕ «бгћнѕ Џг— ) «бгжўЁ… Ён гѕн—н…  ж“нЏ яе—»«Ѕ я—яжя Ўб»«"" Ќжб Џѕг «Ќ ”«»  Џѕнб ‘е«ѕ… «б»я«бж—н” бЏ«г 2011/2010 «бЌ«’б Џбне« «»де« «бгѕЏж (я«—ж«д Џбм Џг— ).",гѕн—н… «бяе—»«Ѕ
"д‘н—яг бя «» гѕн—н…  ж“нЏ яе—»«Ѕ я—яжя «бг—ёг 7565 Ён 2013/7/30 (Ўн«"" ’ж—… где) .",гѕн—н… «бяе—»«Ѕ
ёѕг «бнд« «е«бн Ќн «“«ѕн »«бё—» гд гѕ—”… я—ѕм дж“ж“ Џдег «бгж«Ўд (Џѕд«д гЌгѕ гћнѕ )‘яжм   ÷гд Ќ«ћ… «бЌн «бг–яж— «бм д’» гжбѕе яе—»«∆не »ѕб« гд «бгжбѕе «б н  г —ЁЏе« гд ё»б ’«Ќ»е« «бгѕЏж (”«я«— ) ж«»ё«Ѕ «бгдЎёе »ѕжд яе—»«Ѕ «Ћд«Ѕ «дёЎ«Џ «б н«— «бяе—»«∆н «бж,ѕнж«д «бгЌ«Ёў… 
Ўб» «бгж«Ўде (ћн« дж—«бѕнд «»ж »я— ) «бгжўЁ… «бгƒё е ÷гд г‘«—нЏ  дгн… «б«ё«бнг («б«‘—«Ё ж«бг—«ё»… ) Ќжб дёбе« гд гѕн—н… »бѕн… я—яжя «бм гѕн—н… «б —»н… /«бѕ—«”е «бя—ѕн… .,ѕнж«д «бгЌ«Ёў… 
"ёѕг «бгж«Ўд (ћ»«— Џг— —‘нѕ ) Ўб»«"" н ÷гд «»ѕ«Ѕ «бг”«Џѕе бе бџ—÷ «бЏб«ћ ж–бя яжде г’«» »г—÷ («б”—Ў«д ) ж»Ќ«бе ’Ќн… џн— ж г «Џб«ге гд ё»б «б«Ў»«Ѕ »Џѕг «гя«дн… Џб«ће Ён «бЏ—«ё жнЌ «ћ «бм Џгбне ћ—«Ќне ќ«—ћ «бЏ—«ё яжд Ќ«б е «бг«ѕне ÷ЏнЁе жб«н” ЎнЏ  Ќгб дЁё«  «",гѕн—н… «б’Ќ… 
ЌнЋ д”» «б”нѕ «бгЌ«Ёў »«ћ—«Ѕ «бб«“г жЌ”» »ќ’ж’ дёб «б”нѕ… (∆е “нд ’б«Ќ гЌгѕ ) «бгжўЁ… «бгƒё … ÷гд г‘«—нЏ  дгн… «б«ё«бнг («б«‘—«Ё ж«бг—«ё»…) гд «б ќЎнЎ «бЏг—«дн «бм гѕн—н…  —»н… я—яжя /«бѕ—«”… «бяж—н… .,ѕнж«д «бгЌ«Ёў… 
"ёѕг «бнд« бЁнЁ гд «е«бн гдЎё… «бё«ѕ”н… /2 Џдег «бгж«Ўд (жбн гЌгѕ ”Џнѕ ) Ќжб  »бнЎ «бЁ—жЏ ж«б‘ж«—Џ «бё—н»е гд ћ«гЏ «беѕм жд—«Ёё Ўн«"" д”ќе гд «бЎб» .",»бѕн… 
ёѕг «бнд« бЁнЁ гд «е«бн гдЎё… —Ќнг «же /ќбЁ жё—» ”«Ќ… џ«“ де—ж Џдег «бгж«Ўд (Ёб«Ќ дж—н ”бнг«д ) Ќжб «Ё ё«— «бгдЎё… «бм ќѕг«  «бг«Ѕ ж«бгћ«—н ж«б’Ќн… ж »бнЎ «б‘ж«—Џ .,ѕнж«д «бгЌ«Ёў… 
Ўб» «бгж«Ўд (” «— гЌгѕ ё«ѕ— /ж«бѕ «б‘енѕ /гЌгѕ ) ж«бгг ÷гд гдЌе ёЎё… «—÷ ”ядне Џд Ќёжё –жн «б‘еѕ«Ѕ Ён ё÷«Ѕ ѕ«ёжё »ѕб« гд я—яжя .,»бѕн… 
ёѕг «бнд« «е«бн гдЎё… —Ќнг «же »«бё—» гд гЌЎ… дж« «б«ќ»«—не.. Џдег «бгж«Ўд (гЌгѕ —‘нѕ «гнд ) Ќжб «Ё ё«— гдЎё ег «бм  »бнЎ «б‘ж«—Џ жгѕ ‘»я… гћ«—н ж«Џгѕ… яе—»«Ѕ гЏ гЏ«бћ… «ќ б«Ў гн«е «б‘—» гЏ гн«е «бгћ«—н .,ѕнж«д «бгЌ«Ёў… 
 Џѕнб —ёг ёЎЏ… «—÷ «бм 3/3538 г 64 ќ«’…  нг«—н,»бѕн… 
‘яжм «е«бн ”«Ќ… «бЎн—«д Џбм д’» гжбѕ… «г«г ѕж—ег гд ё»б «бгж«Ўд (нж”Ё —‘нѕ),ѕнж«д «бгЌ«Ёў… 
ёѕг «бнд« «е«бн гдЎё… «б‘ж—ће ѕж— «б‘—Ўе ё—» « Ќ«ѕ «бд”«Ѕ «бёѕнг Џдег «бгж«Ўд ( бёг«д Џбн Ќге  Ќ”д жяг«б гЌгѕ «гнд ) Ќжб «Ё ё«— гдЎё ег «бм гѕ ‘»я… гћ«—н ж«я”«Ѕ ж »бнЎ «б‘ж«—Џ «бЁ—Џне гЏ «” »ѕ«б «б«”б«я «бяе—»«∆не «бёѕнге ж«бџн— ’«бЌе бб«” Џг«б .,ѕнж«д «бгЌ«Ёў… 
я «»яг «бг—ёг 10917 Ён 2013/8/18 00 «бб«Ўб«Џ ж«ћ—«Ѕ «бб«“г ббг÷н Ён  ёѕнг «бќѕг«  жгде«  »бнЎ «б‘ж«—Џ ж«Џб«гд« .,ѕнж«д «бгЌ«Ёў… 
‘яжм «е«бн гдЎё… «б«”я«д «бёѕнге ќбЁ «бё”г «б»бѕн… «бёѕнг ÷ѕ «бгѕЏж (‘«ќж«д ё«ѕ— ) ж«б–н н—жг «б ћ«ж“Џбм ёЎЏе «б«—÷ «бгќ’’е ббЌѕнёе яг« ћ«Ѕ Ён ‘яж«ег .,»бѕн… 
"ёѕг «бнд« «е«бн ё—не Ўж»“«же 000 Џдег «бгж«Ўд (Ќгнѕ гЌгѕ я«яе гдѕ ) Ўб»«""  ÷гд ё—» «б«д е«Ѕ гд «Џг«б «б«д е«Ѕ гд «Џг«б  дЁн– «б‘»яе «бяе—»«∆не бё—не яжяће ж«б н  »Џѕ Џд ё—н ег (4яг ) жбЌ«ћ… ё—н ег б«н’«б «б‘»яе «бяе—»«∆не 0 н—жг «б«” Ё«ѕе гд жЁж—«  гж«ѕ «",гѕн—н… «бяе—»«Ѕ
‘яжм «бгж«Ўде (—Ё«е «»—«енг Ќн«б ) ж«бгжўЁе бѕм гѕн—н яг »Џдж«д гб«Ќў «бг ÷где Ќжб  ќ’н’ «бѕ«— «б”ядне «бгќ’’е бе« .,»бѕн… 
"ёѕг «бнд« «е«бн гдЎё… ( «‘ м / ё—» г”ћѕ »ќ н«—н ) Ўб»«"" Ќжб Ќ«ћ ег «бм «н’«б гн«е «б‘—» «бм «бгдЎёе жЎн«"" д”ќе гд «бЎб» .",гѕн—н… «бг«Ѕ
Ќжб «бдў— Ён «гя«дн… «ћ—«Ѕ Џгбн… «Ё—«“ Џбм гдЎё… (Ќг“е бн ”бЁм ) ќбЁ ѕ«∆—… «бгд жћ«  «бдЁЎне ж–бя бн ”дм бе«  дЁн– «б‘»я«  «бг«∆не Ён «бгдЎёе «бг–яж—е .,»бѕн… 
"ёѕг «бнд« Џѕѕ гд «бЏж«∆б «б”«яднд Ён »д«н… я—яжя ”«»ё«"" ж«бгѕ—ће «”г«∆ег «ѕд«е Ўб»«"" Ќжб «бдў— Ён «гя«дн…  ќ’н’ бег ѕж— ”ядне Ён гћгЏ ‘ж—«ж «б”ядн.",»бѕн… 
"ЌнЋ д”» «б”нѕ «бгЌ«Ёў »«ћ—«Ѕ «бб«“г жЌ”» «б÷ж«»Ў Ќжб  Џннд «б”нѕ ( е«жя«— Џ»ѕ «бќ«бё д«гё ) ÷гд г‘«—нЏ  дгн… «б«ё«бнг ( «б«‘—«Ё ж«бг—«ё»… ) ягжўЁ ќѕге Ён ѕ«∆—… дЁж” д«Ќн… ‘ж«д жЎн« "" «’б «бгж«Ёё… .",ѕнж«д «бгЌ«Ёў… 
"дў—«"" бяЋ—… «б‘я«жн «бж«—ѕе «бнд« гд ё»б «б”«яднд Ён гдЎё… »дће Џбн ( «бг ћ«ж“нд ) Ќжб «д–«—ег »«ќб«Ѕ ѕж—ег бџ—÷ «“«б е« ё——д«  ‘янб бћде гд гѕн—н… »бѕн… я—яжя жё”г «гб«я «бгЌ«Ёўе .",»бѕн… 
б«ћ—«Ѕ «бЁЌ’ Џбм «бг—н÷е (  »«—я ќ«бѕ гЌгѕ )жгЏ«бћ е« Ён Ќ«б… жћжѕ Џб«ћ бѕняг «г н” жћ» Џб«ће« ќ«—ћ «бЏ—«ё б«—”«бе« «бм «ббћде «бЎ»не «бг—я“не .,гѕн—н… «б’Ќ… 
б«ћ—«Ѕ «бЁЌ’ Џбм «бг—н÷ ( «”«ге гЌгѕ ё«ѕ— ) жгЏ«бћ е Ён Ќ«б… жћжѕ Џб«ћ бѕняг «г н” жћ» Џб«ће ќ«—ћ «бЏ—«ё б«—”«бе «бм «ббћде «бЎ»не «бг—я“не .,гѕн—н… «б’Ќ… 
б«ћ—«Ѕ «бЁЌ’ Џбм «бг—н÷е ( —Ё«е «»—«енг Ќн«б ) жгЏ«бћ е« Ён Ќ«б… жћжѕ Џб«ћ бѕняг «г н” жћ» Џб«ће« ќ«—ћ «бЏ—«ё б«—”«бе« «бм «ббћде «бЎ»не «бг—я“не .,гѕн—н… «б’Ќ… 
"ёѕг «бнд« бЁнЁ гд «е«бн гдЎё…  ”Џнд «бћѕнѕ гЌбе /18 “ё«ё /2 ќбЁ ћ«гЏ ( Џё»е »д д«ЁЏ ) Џдег «бгж«Ўд (Џ»ѕ гЌгжѕ Ќ”нд ) Ўб»«"" Ќжб «Ё ё«— гдЎё ег «бм  »бнЎ «б‘ж«—Џ жгѕ ‘»я… «бгћ«—н ж«” »ѕ«б «д«»н» «н’«б гн«е «б‘—» яжде« ёѕнге жг «ябе жд—«Ёё Ўн«"".",ѕнж«д «бгЌ«Ёў… 
"ёѕг «бнд« «е«бн гдЎё… Ќн «бж«”Ўн /ќбЁ ћ«гЏ «бгƒгд Џдег «бгж«Ўд ( гЌгѕ «я»— —÷« ) Ўб»«""  ÷гд Ќ«ћ… гдЎёег «бм ќѕг«  «бяе—»«Ѕ ж«н’«б «бг«Ѕ «б’«бЌ бб‘—» жгѕ ‘»я… «бгћ«—н ж »бнЎ «б‘ж«—Џ жд—«Ёё Ўн«"" .",ѕнж«д «бгЌ«Ёў… 
"ёѕг «бнд« «е«бн гдЎё… ( Ўж»“«же ) «б «»Џе «бм г—я“ ё÷«Ѕ я—яжя Ўб»«"" Ќжб  “жнѕ ё—н ег »«бЎ«ёе «бяе—»«∆не ж«б«” Ё«ѕе гд жЁж—«  жг‘—жЏ ё—н… яжяће ж«н’«б «бяе—»«Ѕ «бм ё—н ег яжде« ё—»не жгћ«ж—е бег .",гѕн—н… «бяе—»«Ѕ
ёѕг «бнд« бЁнЁ гд «е«бн гдЎё… «бЌ—не ќбЁ ћ«гЏ ”нѕ «бг—”бнд Џдег (Џ»«” ‘—нЁ ’«бЌ ) ‘яжм  ÷гд… дё’ Ён «б‘»яе «бяе—»«∆не жя–бя Ќ«ћ… «бгдЎёе «бм «б«Џгѕ… ж«бян»б«  .,гѕн—н… «бяе—»«Ѕ
ёѕг «бнд« бЁнЁ гд «е«бн гдЎё… —Ќнг «же »«бё—» гд ћ«гЏ / »—«н н Џдег «бгж«Ўд ( дж“«—ѕ я—нг Џ“н“ ) Ќжб —ѕ«Ѕ… ќЎжЎ ‘»я… «бгћ«—н «б«г— «б–н нƒѕн ќ—жћ «бгн«е где« «бм «б‘ж«—Џ жнѕЏжд »«дег —«ћЏж« гѕн—н яг жбяд »ѕжд ћѕжм .,гѕн—н… «бгћ«—н
гЏ«гб… «бгж«Ўд ( ‘ж—‘ н«”нд Ќ”нд ) б дЁн– е«г‘ «б”нѕ «бгЌ«Ёў Ќжб  Џннде »’Ё… гƒё е ж÷гд г‘«—нЏ  дгн… «б«ё«бнг ( «бг—ё»… ж«б«‘—«Ё ) бѕм ѕ«∆—… «б’Ќ… Ён д«Ќн… бнб«д .,ѕнж«д «бгЌ«Ёў… 
дЌнб «бняг «б«жбн«  «бќ«’… »Ўб»  Џннд «бгж«Ўде ( —ж‘д« Ё« Ќ Ќгнѕ ) »’Ё… гƒё е ÷гд гн“«дн… «б«ё«бнг ( «бг—«ё»… ж«б«‘—Ё ) .,ѕнж«д «бгЌ«Ёў… 
ёѕг гћгжЏ… гд «е«бн гдЎё… ѕж— «б”яя / ќбЁ Ќ”ндн… «б“е—«Ѕ Џдег «бгж«Ўд ( гЌгѕ г’ЎЁн яг«б ) Ќ«ћ… гдЎё ег «бм ќѕг«  «б»бѕн… (  »бнЎ «б«Ё—Џ - —ЁЏ «б«дё«÷ ) ж–бя яжд дё’ «бќѕг«  «бг–яж—… нЏнё ж’жб ж«бЎб«» «бм гѕ«—”ег .,ѕнж«д «бгЌ«Ёў… 
Ќжб  Џннд «бгѕ—ћ… «”г«ƒег ж Ќ’нбег «бѕ—«”н «ѕд«е »’Ё… гƒё е ÷гд гн“«дн…  дгн… «б«ё«бнг ( «бг—«ё»… ж«б«‘—«Ё )Ён гќ »— я—яжя «б«д‘«∆н (»«д… -гЌгѕ - ”«г«д - Џбн ),ѕнж«д «бгЌ«Ёў… 
дЌнб «бняг Ўб»  Џннд «бгж«Ўд (џ”«д ‘Џб«д дѕ« гЌгѕ ) »’Ё… гƒё е ÷гд гн“«дн…  дгн… «б«ё«бнг ( «бг—«ё»… ж«б«‘—«Ё ) «бж«—ѕ «бнд« Ўн я «» гѕн—н… д«Ќн… «б—‘«ѕ «бг—ёг 92 Ён 2013/9/11 .,ѕнж«д «бгЌ«Ёў… 
б«ћ—«Ѕ «бЁЌ’ Џбм «бг—н÷е ( Џ»ѕ «ббе Ќ”д Џ»ѕ «ббе ) жгЏ«бћ е Ён Ќ«б… жћжѕ Џб«ћ бѕняг «г н” жћ» Џб«ће ќ«—ћ «бЏ—«ё .,гѕн—н… «б’Ќ… 
Ўб» «е«бн ё—н… »дће Џбн Џдег ( гЌгѕ Ўе ) Ќжб  »бнЎ «б‘ж«—Џ «б—∆”не Ён «бгдЎёе жЁ—жЏе« жя–бя гѕ ‘»я… гћ«—н .,ѕнж«д «бгЌ«Ёў… 
ёѕг «бнд« бЁнЁ гд «е«бн гдЎё… «“«ѕн Ён ё÷«Ѕ «бѕ»” Џдег «бгж«Ўд ( гћнѕ гЌгѕ жн” ) Ќжб «гя«дн…  »бнЎ «б‘«—Џ «бгƒѕн «бм «бгЎЌде »ћ«д» ѕ«∆—… «б»нЎ—е жя–бя «д‘«Ѕ гћ«—н ( гдежб ) б’—Ё «бгн«е .,ѕнж«д «бгЌ«Ёў… 
Ўб» «е«бн гдЎё… «бЌ—не Ќ’—« »нд ”жё «бЌ—н… жћ«гЏ ”нѕ «бг—”бнд Џдег «бгж«Ўд ( Џбн ’»«Ќ Ўе ) Ќжб «д‘«Ѕ ‘»я… гћ«—н .,гѕн—н… «бгћ«—н
"Ўб» «бгж«Ўд ( Ќ”нд гЌгѕ Џ»ѕ «бж«Ќѕ ) Ўб»«"" н ÷гд «Џ —«÷е Џбм г»бџ «б Џжн÷ «бќ«’ »ѕ«—е .",ѕнж«д «бгЌ«Ёў… 
б«ћ—«Ѕ «бЁЌ’ Џбм «бг—÷н «бгѕ—ће «”г«∆ег «ѕд«е бгЏ«бћ ег Ён Ќ«б… жћжѕ Џб«ћ бѕняг «г н” жћ» Џб«ћег ќ«—ћ «бЏ—«ё б«—”«бег «бм «ббћде «бЎ»не «бг—я“не ( еѕне - гнЏ«ѕ - ”е«ѕ - гЌгѕ ) .,гѕн—н… «б’Ќ… 
‘яжм «е«бн гдЎё… «бё«ѕ”не «бЋ«дне »«бё—» гд гЏгб «бЋбћ Ќжб Џѕг  ёнѕ ’«Ќ» «бгжбѕе «бгжћжѕ Ён «бгдЎёе »«б Џбнг«  «б’«ѕ—е гд «бгЌ«Ёўе Ќжб «бгжбѕ«  .,ѕнж«д «бгЌ«Ёў… 
"ёѕг «бнд« «бгж«Ўд ( ’«Ќ» геѕн гЌгжѕ ) Џд «е«бн гдЎё…  ”Џнд «бёѕнг… Ўб»«"" Ќжб Ќ«ћ ег «бм «н’«б «б н«— «бяе—»«Ѕ «бм ѕж—ег «бя«∆д… Ён «бж«”Ўн / ќбЁ ѕ«∆—… «бгж«ѕ «бџ–«∆н… .",гѕн—н… «бяе—»«Ѕ
Ќжб  Џннд «бгж«Ўд ( »жб« гЌгѕ Џ»ѕ «ббе ) »’Ё… гƒё е ÷гд гн“«дн…  дгн… «б«ё«бнг ( «б«‘—«Ё ж«бг—«ё»… ) ж д”н»е «бм гѕн—н…,ѕнж«д «бгЌ«Ёў… 
